{
    "parent": "minecraft:item/handheld",
    "textures": {
        "layer0": "minecraft:item/netherite_hoe"
    },
    "overrides": [
        {"predicate":{"custom_model_data":1},"model":"minehub:handheld/epic/epic_hoe"},
        {"predicate":{"custom_model_data":2},"model":"minehub:handheld/legendary/leg_hoe"},
        {"predicate":{"custom_model_data":3},"model":"minehub:handheld/slegendary/sleg_hoe"},
        {"predicate":{"custom_model_data":4},"model":"minehub:handheld/seasonal/summer_hoe"}
    ]
}