{
  "parent": "minecraft:item/generated",
  "textures": {
    "layer0": "minecraft:item/paper"
  },
  "overrides": [
    {"predicate": {"custom_model_data": 1},"model": "minehub:servers/survival"},
    {"predicate": {"custom_model_data": 2},"model": "minehub:servers/earth"},
    {"predicate": {"custom_model_data": 3},"model": "minehub:servers/logo"},
    {"predicate": {"custom_model_data": 4},"model": "minehub:equipment/television_helmet"},
    {"predicate": {"custom_model_data": 5},"model": "minehub:decorations/book_1"},
    {"predicate": {"custom_model_data": 6},"model": "minehub:decorations/book_2"},
    {"predicate": {"custom_model_data": 7},"model": "minehub:decorations/book_3"},
    {"predicate": {"custom_model_data": 8},"model": "minehub:decorations/book_stack_1"},
    {"predicate": {"custom_model_data": 9},"model": "minehub:decorations/book_stack_2"},
    {"predicate": {"custom_model_data": 10},"model": "minehub:decorations/portal"},
    {"predicate": {"custom_model_data": 100},"model": "minehub:guide/ah"},
    {"predicate": {"custom_model_data": 101},"model": "minehub:guide/help"},
    {"predicate": {"custom_model_data": 102},"model": "minehub:guide/house"},
    {"predicate": {"custom_model_data": 103},"model": "minehub:guide/hub"},
    {"predicate": {"custom_model_data": 104},"model": "minehub:guide/kits"},
    {"predicate": {"custom_model_data": 105},"model": "minehub:guide/shop"},
    {"predicate": {"custom_model_data": 106},"model": "minehub:guide/warps"},
    {"predicate": {"custom_model_data": 107},"model": "minehub:guide/spawn"},
    {"predicate": {"custom_model_data": 108},"model": "minehub:guide/settings"},
    {"predicate": {"custom_model_data": 109},"model": "minehub:guide/perks"},
    {"predicate": {"custom_model_data": 110},"model": "minehub:guide/discord"},
    {"predicate": {"custom_model_data": 111},"model": "minehub:guide/start"},
    {"predicate": {"custom_model_data": 112},"model": "minehub:guide/claim"}
  ]
}
