{
	"credit": "Made with Blockbench",
	"textures": {
		"0": "minehub:servers/survival_logo"
	},
	"elements": [
		{
			"from": [-16, 0, 0],
			"to": [32, 28, 1],
			"faces": {
				"north": {"uv": [0, 0, 16, 16], "texture": "#0"},
				"east": {"uv": [0, 0, 1, 1], "texture": "#0"},
				"south": {"uv": [16, 0, 0, 16], "texture": "#0"},
				"west": {"uv": [0, 0, 1, 1], "texture": "#0"},
				"up": {"uv": [0, 0, 1, 1], "texture": "#0"},
				"down": {"uv": [0, 0, 1, 1], "texture": "#0"}
			}
		}
	],
	"display": {
		"thirdperson_righthand": {
			"scale": [0.1, 0.1, 0.1]
		},
		"thirdperson_lefthand": {
			"scale": [0.1, 0.1, 0.1]
		},
		"firstperson_righthand": {
			"scale": [0.1, 0.1, 0.1]
		},
		"firstperson_lefthand": {
			"scale": [0.1, 0.1, 0.1]
		},
		"ground": {
			"scale": [0.1, 0.1, 0.1]
		},
		"gui": {
			"translation": [0, -1.5, 0],
			"scale": [0.3, 0.3, 0.1]
		},
		"head": {
			"translation": [0, -23.5, 4],
			"scale": [2.5, 2.5, 1.26]
		},
		"fixed": {
			"scale": [0.2, 0.2, 0.1]
		}
	}
}