{
	"gui_light": "front",
	"texture_size": [64, 64],
	"textures": {
		"2": "minehub:handheld/legendary/leg_pickaxe",
		"particle": "minehub:handheld/legendary/leg_pickaxe"
	},
	"elements": [
		{
			"from": [7, -9, 7],
			"to": [9, 24, 9],
			"rotation": {"angle": 0, "axis": "y", "origin": [8, -1, 8]},
			"faces": {
				"north": {"uv": [0, 0, 0.5, 8.25], "texture": "#2"},
				"east": {"uv": [7.25, 0, 7.75, 8.25], "texture": "#2"},
				"south": {"uv": [0, 0, 0.5, 8.25], "texture": "#2"},
				"west": {"uv": [7.25, 0, 7.75, 8.25], "texture": "#2"},
				"up": {"uv": [1, 0.5, 0.5, 0], "texture": "#2"},
				"down": {"uv": [3, 5.75, 2.5, 6.25], "texture": "#2"}
			}
		},
		{
			"from": [5.99, 18.99, 5.99],
			"to": [16.01, 21.01, 10.01],
			"rotation": {"angle": 0, "axis": "y", "origin": [5, -1, 8]},
			"faces": {
				"north": {"uv": [1.5, 1, 4, 1.5], "texture": "#2"},
				"east": {"uv": [5.25, 5.25, 6.25, 5.75], "texture": "#2"},
				"south": {"uv": [2, 1.5, 4.5, 2], "texture": "#2"},
				"west": {"uv": [5.25, 4.25, 6.25, 4.75], "texture": "#2"},
				"up": {"uv": [3.5, 1, 1, 0], "texture": "#2"},
				"down": {"uv": [4.5, 2, 2, 3], "texture": "#2"}
			}
		},
		{
			"from": [0, 19, 6],
			"to": [10, 21, 10],
			"rotation": {"angle": 0, "axis": "y", "origin": [11, -1, 8]},
			"faces": {
				"north": {"uv": [4, 1, 1.5, 1.5], "texture": "#2"},
				"east": {"uv": [6.25, 4.25, 5.25, 4.75], "texture": "#2"},
				"south": {"uv": [4.5, 1.5, 2, 2], "texture": "#2"},
				"west": {"uv": [6.25, 5.25, 5.25, 5.75], "texture": "#2"},
				"up": {"uv": [1, 1, 3.5, 0], "texture": "#2"},
				"down": {"uv": [2, 2, 4.5, 3], "texture": "#2"}
			}
		},
		{
			"from": [15.22671, 17.1527, 6.49],
			"to": [20.24671, 19.1727, 9.51],
			"rotation": {"angle": -22.5, "axis": "z", "origin": [20.23671, 18.1627, 8]},
			"faces": {
				"north": {"uv": [4.25, 3.75, 5.5, 4.25], "texture": "#2"},
				"east": {"uv": [5.75, 1.5, 6.5, 2], "texture": "#2"},
				"south": {"uv": [4.5, 1.5, 5.75, 2], "texture": "#2"},
				"west": {"uv": [5.75, 2, 6.5, 2.5], "texture": "#2"},
				"up": {"uv": [4.75, 0.75, 3.5, 0], "texture": "#2"},
				"down": {"uv": [3.25, 4, 2, 4.75], "texture": "#2"}
			}
		},
		{
			"from": [-4.23671, 17.1627, 6.5],
			"to": [0.76329, 19.1627, 9.5],
			"rotation": {"angle": 22.5, "axis": "z", "origin": [-4.23671, 18.1627, 8]},
			"faces": {
				"north": {"uv": [5.5, 3.75, 4.25, 4.25], "texture": "#2"},
				"east": {"uv": [6.5, 2, 5.75, 2.5], "texture": "#2"},
				"south": {"uv": [5.75, 1.5, 4.5, 2], "texture": "#2"},
				"west": {"uv": [6.5, 1.5, 5.75, 2], "texture": "#2"},
				"up": {"uv": [3.5, 0.75, 4.75, 0], "texture": "#2"},
				"down": {"uv": [2, 4, 3.25, 4.75], "texture": "#2"}
			}
		},
		{
			"from": [18.43782, 13.83394, 6.99],
			"to": [23.45782, 15.85394, 9.01],
			"rotation": {"angle": -45, "axis": "z", "origin": [23.44782, 14.84394, 8]},
			"faces": {
				"north": {"uv": [4.5, 2, 5.75, 2.5], "texture": "#2"},
				"east": {"uv": [3.5, 6.25, 4, 6.75], "texture": "#2"},
				"south": {"uv": [4.5, 2.5, 5.75, 3], "texture": "#2"},
				"west": {"uv": [4, 6.25, 4.5, 6.75], "texture": "#2"},
				"up": {"uv": [3.25, 5.25, 2, 4.75], "texture": "#2"},
				"down": {"uv": [6, 0, 4.75, 0.5], "texture": "#2"}
			}
		},
		{
			"from": [-7.44782, 13.84394, 7],
			"to": [-2.44782, 15.84394, 9],
			"rotation": {"angle": 45, "axis": "z", "origin": [-7.44782, 14.84394, 8]},
			"faces": {
				"north": {"uv": [5.75, 2, 4.5, 2.5], "texture": "#2"},
				"east": {"uv": [4.5, 6.25, 4, 6.75], "texture": "#2"},
				"south": {"uv": [5.75, 2.5, 4.5, 3], "texture": "#2"},
				"west": {"uv": [4, 6.25, 3.5, 6.75], "texture": "#2"},
				"up": {"uv": [2, 5.25, 3.25, 4.75], "texture": "#2"},
				"down": {"uv": [4.75, 0, 6, 0.5], "texture": "#2"}
			}
		},
		{
			"from": [8.125, -1.13185, 7],
			"to": [10.125, -0.13185, 9],
			"rotation": {"angle": 22.5, "axis": "z", "origin": [10.125, -0.63185, 8]},
			"faces": {
				"north": {"uv": [6.5, 0.5, 7, 0.75], "texture": "#2"},
				"east": {"uv": [6.5, 0.75, 7, 1], "texture": "#2"},
				"south": {"uv": [6.5, 1, 7, 1.25], "texture": "#2"},
				"west": {"uv": [6.5, 1.5, 7, 1.75], "texture": "#2"},
				"up": {"uv": [6.5, 5.25, 6, 4.75], "texture": "#2"},
				"down": {"uv": [3, 6.25, 2.5, 6.75], "texture": "#2"}
			}
		},
		{
			"from": [5.725, -1.13185, 7],
			"to": [7.725, -0.13185, 9],
			"rotation": {"angle": -22.5, "axis": "z", "origin": [5.725, -0.63185, 8]},
			"faces": {
				"north": {"uv": [7, 0.5, 6.5, 0.75], "texture": "#2"},
				"east": {"uv": [7, 1.5, 6.5, 1.75], "texture": "#2"},
				"south": {"uv": [7, 1, 6.5, 1.25], "texture": "#2"},
				"west": {"uv": [7, 0.75, 6.5, 1], "texture": "#2"},
				"up": {"uv": [6, 5.25, 6.5, 4.75], "texture": "#2"},
				"down": {"uv": [2.5, 6.25, 3, 6.75], "texture": "#2"}
			}
		},
		{
			"from": [8.2623, 4.41708, 6.97],
			"to": [9.3223, 6.47708, 9.03],
			"rotation": {"angle": -22.5, "axis": "z", "origin": [8.03022, 5.17868, 8]},
			"faces": {
				"north": {"uv": [7, 0.5, 6.5, 0.75], "rotation": 270, "texture": "#2"},
				"east": {"uv": [6, 5.25, 6.5, 4.75], "rotation": 90, "texture": "#2"},
				"south": {"uv": [7, 1, 6.5, 1.25], "rotation": 90, "texture": "#2"},
				"west": {"uv": [2.5, 6.25, 3, 6.75], "rotation": 90, "texture": "#2"},
				"up": {"uv": [7, 0.75, 6.5, 1], "rotation": 90, "texture": "#2"},
				"down": {"uv": [7, 1.5, 6.5, 1.75], "rotation": 90, "texture": "#2"}
			}
		},
		{
			"from": [8.115, -3.535, 6.99],
			"to": [10.135, -2.515, 9.01],
			"rotation": {"angle": -22.5, "axis": "z", "origin": [10.125, -3.025, 8]},
			"faces": {
				"north": {"uv": [6.25, 1.25, 6.75, 1.5], "texture": "#2"},
				"east": {"uv": [4.5, 6.5, 5, 6.75], "texture": "#2"},
				"south": {"uv": [5, 6.5, 5.5, 6.75], "texture": "#2"},
				"west": {"uv": [6.5, 6.5, 7, 6.75], "texture": "#2"},
				"up": {"uv": [6.5, 3.5, 6, 3], "texture": "#2"},
				"down": {"uv": [6.5, 3.5, 6, 4], "texture": "#2"}
			}
		},
		{
			"from": [5.715, -3.535, 6.99],
			"to": [7.735, -2.515, 9.01],
			"rotation": {"angle": 22.5, "axis": "z", "origin": [5.725, -3.025, 8]},
			"faces": {
				"north": {"uv": [6.75, 1.25, 6.25, 1.5], "texture": "#2"},
				"east": {"uv": [7, 6.5, 6.5, 6.75], "texture": "#2"},
				"south": {"uv": [5.5, 6.5, 5, 6.75], "texture": "#2"},
				"west": {"uv": [5, 6.5, 4.5, 6.75], "texture": "#2"},
				"up": {"uv": [6, 3.5, 6.5, 3], "texture": "#2"},
				"down": {"uv": [6, 3.5, 6.5, 4], "texture": "#2"}
			}
		},
		{
			"from": [6.72501, 4.42252, 6.97],
			"to": [7.78501, 6.48252, 9.03],
			"rotation": {"angle": 22.5, "axis": "z", "origin": [8.03022, 5.17868, 8]},
			"faces": {
				"north": {"uv": [6.75, 1.25, 6.25, 1.5], "rotation": 270, "texture": "#2"},
				"east": {"uv": [6, 3.5, 6.5, 3], "rotation": 90, "texture": "#2"},
				"south": {"uv": [5.5, 6.5, 5, 6.75], "rotation": 90, "texture": "#2"},
				"west": {"uv": [6, 3.5, 6.5, 4], "rotation": 90, "texture": "#2"},
				"up": {"uv": [5, 6.5, 4.5, 6.75], "rotation": 90, "texture": "#2"},
				"down": {"uv": [7, 6.5, 6.5, 6.75], "rotation": 90, "texture": "#2"}
			}
		},
		{
			"from": [5.99, -12.01, 6.99],
			"to": [10.01, -7.99, 9.01],
			"rotation": {"angle": -45, "axis": "z", "origin": [8, -10, 8]},
			"faces": {
				"north": {"uv": [2, 3, 3, 4], "rotation": 90, "texture": "#2"},
				"east": {"uv": [4.75, 5, 5.25, 6], "texture": "#2"},
				"south": {"uv": [2, 3, 3, 4], "texture": "#2"},
				"west": {"uv": [5, 0.5, 5.5, 1.5], "texture": "#2"},
				"up": {"uv": [6, 3.5, 5, 3], "texture": "#2"},
				"down": {"uv": [3, 5.25, 2, 5.75], "texture": "#2"}
			}
		},
		{
			"from": [5.9895, 17.9895, 7.9895],
			"to": [10.0105, 22.0105, 10.0105],
			"rotation": {"angle": -45, "axis": "z", "origin": [8, 20, 9]},
			"faces": {
				"north": {"uv": [2, 3, 3, 4], "texture": "#2"},
				"east": {"uv": [4.75, 5, 5.25, 6], "texture": "#2"},
				"south": {"uv": [2, 3, 3, 4], "texture": "#2"},
				"west": {"uv": [5, 0.5, 5.5, 1.5], "texture": "#2"},
				"up": {"uv": [6, 3.5, 5, 3], "texture": "#2"},
				"down": {"uv": [3, 5.25, 2, 5.75], "texture": "#2"}
			}
		},
		{
			"from": [5.9895, 17.9895, 5.9895],
			"to": [10.0105, 22.0105, 8.0105],
			"rotation": {"angle": -45, "axis": "z", "origin": [8, 20, 7]},
			"faces": {
				"north": {"uv": [2, 3, 3, 4], "rotation": 90, "texture": "#2"},
				"east": {"uv": [4.75, 5, 5.25, 6], "texture": "#2"},
				"south": {"uv": [3, 3, 4, 4], "texture": "#2"},
				"west": {"uv": [5, 0.5, 5.5, 1.5], "texture": "#2"},
				"up": {"uv": [6, 3.5, 5, 3], "texture": "#2"},
				"down": {"uv": [3, 5.25, 2, 5.75], "texture": "#2"}
			}
		},
		{
			"from": [6.98, -3.02, 6.98],
			"to": [10.02, 0.02, 9.02],
			"rotation": {"angle": -45, "axis": "z", "origin": [8, -1, 8]},
			"faces": {
				"north": {"uv": [3.25, 4.75, 4, 5.5], "rotation": 90, "texture": "#2"},
				"east": {"uv": [5.5, 3.5, 6, 4.25], "texture": "#2"},
				"south": {"uv": [3.25, 4.75, 4, 5.5], "texture": "#2"},
				"west": {"uv": [2, 5.75, 2.5, 6.5], "texture": "#2"},
				"up": {"uv": [4.5, 6.25, 3.75, 5.75], "texture": "#2"},
				"down": {"uv": [6, 5.75, 5.25, 6.25], "texture": "#2"}
			}
		},
		{
			"from": [8.615, -2.11, 7.49],
			"to": [10.635, -0.09, 8.51],
			"rotation": {"angle": -45, "axis": "z", "origin": [8.625, -1.1, 8.5]},
			"faces": {
				"north": {"uv": [3, 6, 3.5, 6.5], "texture": "#2"},
				"east": {"uv": [3, 6.5, 3.25, 7], "texture": "#2"},
				"south": {"uv": [4.5, 6, 5, 6.5], "texture": "#2"},
				"west": {"uv": [3.25, 6.5, 3.5, 7], "texture": "#2"},
				"up": {"uv": [4, 1, 3.5, 0.75], "texture": "#2"},
				"down": {"uv": [5.5, 3.5, 5, 3.75], "texture": "#2"}
			}
		},
		{
			"from": [5.215, -2.11, 7.49],
			"to": [7.235, -0.09, 8.51],
			"rotation": {"angle": 45, "axis": "z", "origin": [7.225, -1.1, 8.5]},
			"faces": {
				"north": {"uv": [3.5, 6, 3, 6.5], "texture": "#2"},
				"east": {"uv": [3.5, 6.5, 3.25, 7], "texture": "#2"},
				"south": {"uv": [5, 6, 4.5, 6.5], "texture": "#2"},
				"west": {"uv": [3.25, 6.5, 3, 7], "texture": "#2"},
				"up": {"uv": [3.5, 1, 4, 0.75], "texture": "#2"},
				"down": {"uv": [5, 3.5, 5.5, 3.75], "texture": "#2"}
			}
		},
		{
			"from": [6.94852, 4.22048, 8.47],
			"to": [9.00852, 6.28048, 9.53],
			"rotation": {"angle": -45, "axis": "z", "origin": [8.03022, 5.17868, 9]},
			"faces": {
				"north": {"uv": [3.5, 6, 3, 6.5], "texture": "#2"},
				"east": {"uv": [3.5, 6.5, 3.25, 7], "texture": "#2"},
				"south": {"uv": [5, 6, 4.5, 6.5], "texture": "#2"},
				"west": {"uv": [3.25, 6.5, 3, 7], "texture": "#2"},
				"up": {"uv": [3.5, 1, 4, 0.75], "texture": "#2"},
				"down": {"uv": [5, 3.5, 5.5, 3.75], "texture": "#2"}
			}
		},
		{
			"from": [5.98, -9.02, 6.48],
			"to": [10.02, -7.98, 9.52],
			"rotation": {"angle": -45, "axis": "z", "origin": [8, -10, 8]},
			"faces": {
				"north": {"uv": [5.75, 2.5, 6.75, 2.75], "texture": "#2"},
				"east": {"uv": [6, 0.25, 6.75, 0.5], "texture": "#2"},
				"south": {"uv": [5.75, 2.75, 6.75, 3], "texture": "#2"},
				"west": {"uv": [6, 4, 6.75, 4.25], "texture": "#2"},
				"up": {"uv": [4.25, 4.75, 3.25, 4], "texture": "#2"},
				"down": {"uv": [5, 0.75, 4, 1.5], "texture": "#2"}
			}
		},
		{
			"from": [5.98, 20.98, 7.48],
			"to": [10.02, 22.02, 10.52],
			"rotation": {"angle": -45, "axis": "z", "origin": [8, 20, 9]},
			"faces": {
				"north": {"uv": [5.75, 2.5, 6.75, 2.75], "texture": "#2"},
				"east": {"uv": [6, 0.25, 6.75, 0.5], "texture": "#2"},
				"south": {"uv": [5.75, 2.75, 6.75, 3], "texture": "#2"},
				"west": {"uv": [6, 4, 6.75, 4.25], "texture": "#2"},
				"up": {"uv": [4.25, 4.75, 3.25, 4], "texture": "#2"},
				"down": {"uv": [5, 0.75, 4, 1.5], "texture": "#2"}
			}
		},
		{
			"from": [5.97, 20.97, 5.47],
			"to": [10.03, 22.03, 8.53],
			"rotation": {"angle": -45, "axis": "z", "origin": [8, 20, 7]},
			"faces": {
				"north": {"uv": [5.75, 2.5, 6.75, 2.75], "texture": "#2"},
				"east": {"uv": [6, 0.25, 6.75, 0.5], "texture": "#2"},
				"south": {"uv": [5.75, 2.75, 6.75, 3], "texture": "#2"},
				"west": {"uv": [6, 4, 6.75, 4.25], "texture": "#2"},
				"up": {"uv": [4.25, 4.75, 3.25, 4], "texture": "#2"},
				"down": {"uv": [5, 0.75, 4, 1.5], "texture": "#2"}
			}
		},
		{
			"from": [5.98, -11.02, 6.48],
			"to": [7.02, -8.98, 9.52],
			"rotation": {"angle": -45, "axis": "z", "origin": [8, -10, 8]},
			"faces": {
				"north": {"uv": [6.25, 4.25, 6.5, 4.75], "texture": "#2"},
				"east": {"uv": [5.25, 4.75, 6, 5.25], "texture": "#2"},
				"south": {"uv": [6.25, 5.25, 6.5, 5.75], "texture": "#2"},
				"west": {"uv": [3, 5.5, 3.75, 6], "texture": "#2"},
				"up": {"uv": [6, 7, 5.75, 6.25], "texture": "#2"},
				"down": {"uv": [6.25, 6.25, 6, 7], "texture": "#2"}
			}
		},
		{
			"from": [5.98, 18.98, 7.48],
			"to": [7.02, 21.02, 10.52],
			"rotation": {"angle": -45, "axis": "z", "origin": [8, 20, 9]},
			"faces": {
				"north": {"uv": [6.25, 4.25, 6.5, 4.75], "texture": "#2"},
				"east": {"uv": [5.25, 4.75, 6, 5.25], "texture": "#2"},
				"south": {"uv": [6.25, 5.25, 6.5, 5.75], "texture": "#2"},
				"west": {"uv": [3, 5.5, 3.75, 6], "texture": "#2"},
				"up": {"uv": [6, 7, 5.75, 6.25], "texture": "#2"},
				"down": {"uv": [6.25, 6.25, 6, 7], "texture": "#2"}
			}
		},
		{
			"from": [5.97, 18.97, 5.47],
			"to": [7.03, 21.03, 8.53],
			"rotation": {"angle": -45, "axis": "z", "origin": [8, 20, 7]},
			"faces": {
				"north": {"uv": [6.25, 4.25, 6.5, 4.75], "texture": "#2"},
				"east": {"uv": [5.25, 4.75, 6, 5.25], "texture": "#2"},
				"south": {"uv": [6.25, 5.25, 6.5, 5.75], "texture": "#2"},
				"west": {"uv": [3, 5.5, 3.75, 6], "texture": "#2"},
				"up": {"uv": [6, 7, 5.75, 6.25], "texture": "#2"},
				"down": {"uv": [6.25, 6.25, 6, 7], "texture": "#2"}
			}
		},
		{
			"from": [8.98, -11.02, 6.48],
			"to": [10.02, -8.98, 9.52],
			"rotation": {"angle": -45, "axis": "z", "origin": [8, -10, 8]},
			"faces": {
				"north": {"uv": [2, 6.5, 2.25, 7], "texture": "#2"},
				"east": {"uv": [5.5, 0.5, 6.25, 1], "texture": "#2"},
				"south": {"uv": [2.25, 6.5, 2.5, 7], "texture": "#2"},
				"west": {"uv": [5.5, 1, 6.25, 1.5], "texture": "#2"},
				"up": {"uv": [6.5, 7, 6.25, 6.25], "texture": "#2"},
				"down": {"uv": [6.5, 0.5, 6.25, 1.25], "texture": "#2"}
			}
		},
		{
			"from": [8.98, 18.98, 7.48],
			"to": [10.02, 21.02, 10.52],
			"rotation": {"angle": -45, "axis": "z", "origin": [8, 20, 9]},
			"faces": {
				"north": {"uv": [2, 6.5, 2.25, 7], "texture": "#2"},
				"east": {"uv": [5.5, 0.5, 6.25, 1], "texture": "#2"},
				"south": {"uv": [2.25, 6.5, 2.5, 7], "texture": "#2"},
				"west": {"uv": [5.5, 1, 6.25, 1.5], "texture": "#2"},
				"up": {"uv": [6.5, 7, 6.25, 6.25], "texture": "#2"},
				"down": {"uv": [6.5, 0.5, 6.25, 1.25], "texture": "#2"}
			}
		},
		{
			"from": [8.97, 18.97, 5.47],
			"to": [10.03, 21.03, 8.53],
			"rotation": {"angle": -45, "axis": "z", "origin": [8, 20, 7]},
			"faces": {
				"north": {"uv": [2, 6.5, 2.25, 7], "texture": "#2"},
				"east": {"uv": [5.5, 0.5, 6.25, 1], "texture": "#2"},
				"south": {"uv": [2.25, 6.5, 2.5, 7], "texture": "#2"},
				"west": {"uv": [5.5, 1, 6.25, 1.5], "texture": "#2"},
				"up": {"uv": [6.5, 7, 6.25, 6.25], "texture": "#2"},
				"down": {"uv": [6.5, 0.5, 6.25, 1.25], "texture": "#2"}
			}
		},
		{
			"from": [5.98, -12.02, 6.48],
			"to": [10.02, -10.98, 9.52],
			"rotation": {"angle": -45, "axis": "z", "origin": [8, -10, 8]},
			"faces": {
				"north": {"uv": [6, 6, 7, 6.25], "texture": "#2"},
				"east": {"uv": [6, 5.75, 6.75, 6], "texture": "#2"},
				"south": {"uv": [6, 0, 7, 0.25], "texture": "#2"},
				"west": {"uv": [5, 6.25, 5.75, 6.5], "texture": "#2"},
				"up": {"uv": [5, 3.75, 4, 3], "texture": "#2"},
				"down": {"uv": [5.25, 4.25, 4.25, 5], "texture": "#2"}
			}
		},
		{
			"from": [5.98, 17.98, 7.48],
			"to": [10.02, 19.02, 10.52],
			"rotation": {"angle": -45, "axis": "z", "origin": [8, 20, 9]},
			"faces": {
				"north": {"uv": [6, 6, 7, 6.25], "texture": "#2"},
				"east": {"uv": [6, 5.75, 6.75, 6], "texture": "#2"},
				"south": {"uv": [6, 0, 7, 0.25], "texture": "#2"},
				"west": {"uv": [5, 6.25, 5.75, 6.5], "texture": "#2"},
				"up": {"uv": [5, 3.75, 4, 3], "texture": "#2"},
				"down": {"uv": [5.25, 4.25, 4.25, 5], "texture": "#2"}
			}
		},
		{
			"from": [5.97, 17.97, 5.47],
			"to": [10.03, 19.03, 8.53],
			"rotation": {"angle": -45, "axis": "z", "origin": [8, 20, 7]},
			"faces": {
				"north": {"uv": [6, 6, 7, 6.25], "texture": "#2"},
				"east": {"uv": [6, 5.75, 6.75, 6], "texture": "#2"},
				"south": {"uv": [6, 0, 7, 0.25], "texture": "#2"},
				"west": {"uv": [5, 6.25, 5.75, 6.5], "texture": "#2"},
				"up": {"uv": [5, 3.75, 4, 3], "texture": "#2"},
				"down": {"uv": [5.25, 4.25, 4.25, 5], "texture": "#2"}
			}
		}
	],
	"display": {
		"thirdperson_righthand": {
			"rotation": [8, -91, 8],
			"translation": [0, 3.5, 2],
			"scale": [0.6, 0.6, 0.6]
		},
		"thirdperson_lefthand": {
			"rotation": [8, -91, 8],
			"translation": [0, 3.5, 2],
			"scale": [0.6, 0.6, 0.6]
		},
		"firstperson_righthand": {
			"rotation": [18, -74, 0],
			"translation": [0, 1.25, 0],
			"scale": [0.7, 0.7, 0.7]
		},
		"firstperson_lefthand": {
			"rotation": [18, -74, 0],
			"translation": [0, 1.25, 0],
			"scale": [0.7, 0.7, 0.7]
		},
		"ground": {
			"rotation": [-54, 0, 0],
			"translation": [0, 1.75, 0],
			"scale": [0.4, 0.4, 0.4]
		},
		"gui": {
			"rotation": [0, 0, -45],
			"translation": [-0.75, -0.5, 0],
			"scale": [0.5, 0.5, 0.5]
		},
		"fixed": {
			"rotation": [0, 0, 46],
			"translation": [0.25, -0.5, 0],
			"scale": [0.6, 0.6, 0.6]
		}
	}
}