{
	"gui_light": "front",
	"texture_size": [64, 64],
	"textures": {
		"2": "minehub:handheld/legendary/leg_sword",
		"particle": "minehub:handheld/legendary/leg_sword"
	},
	"elements": [
		{
			"from": [7, -9, 7],
			"to": [9, -1, 9],
			"rotation": {"angle": 0, "axis": "y", "origin": [8, -1, 8]},
			"faces": {
				"north": {"uv": [2.5, 4, 3, 6], "texture": "#2"},
				"east": {"uv": [3, 4, 3.5, 6], "texture": "#2"},
				"south": {"uv": [4, 1, 4.5, 3], "texture": "#2"},
				"west": {"uv": [4.5, 1, 5, 3], "texture": "#2"},
				"up": {"uv": [5.5, 3, 5, 2.5], "texture": "#2"},
				"down": {"uv": [8, 0.75, 7.5, 1.25], "texture": "#2"}
			}
		},
		{
			"from": [5.97, -2.03, 7.47],
			"to": [10.03, 18.03, 8.53],
			"rotation": {"angle": 0, "axis": "y", "origin": [8, -1, 8]},
			"faces": {
				"north": {"uv": [1, 1, 2, 6], "texture": "#2"},
				"east": {"uv": [2, 4, 2.25, 9], "texture": "#2"},
				"south": {"uv": [1, 1, 2, 6], "texture": "#2"},
				"west": {"uv": [2, 4, 2.25, 9], "texture": "#2"},
				"up": {"uv": [8.75, 5.25, 7.75, 5], "texture": "#2"},
				"down": {"uv": [8.75, 6, 7.75, 6.25], "texture": "#2"}
			}
		},
		{
			"from": [8.29794, -0.19793, 7.5],
			"to": [10.29794, 6.80207, 8.5],
			"rotation": {"angle": -22.5, "axis": "z", "origin": [10.66016, 8.66363, 8]},
			"faces": {
				"north": {"uv": [5.5, 0.5, 6, 2.25], "texture": "#2"},
				"east": {"uv": [2.5, 7.25, 2.75, 9], "texture": "#2"},
				"south": {"uv": [5.5, 3.5, 6, 5.25], "texture": "#2"},
				"west": {"uv": [2.75, 7.25, 3, 9], "texture": "#2"},
				"up": {"uv": [8.5, 8.75, 8, 8.5], "texture": "#2"},
				"down": {"uv": [9, 8.5, 8.5, 8.75], "texture": "#2"}
			}
		},
		{
			"from": [5.70206, -0.19793, 7.5],
			"to": [7.70206, 6.80207, 8.5],
			"rotation": {"angle": 22.5, "axis": "z", "origin": [5.33984, 8.66363, 8]},
			"faces": {
				"north": {"uv": [6, 0.5, 5.5, 2.25], "texture": "#2"},
				"east": {"uv": [3, 7.25, 2.75, 9], "texture": "#2"},
				"south": {"uv": [6, 3.5, 5.5, 5.25], "texture": "#2"},
				"west": {"uv": [2.75, 7.25, 2.5, 9], "texture": "#2"},
				"up": {"uv": [8, 8.75, 8.5, 8.5], "texture": "#2"},
				"down": {"uv": [8.5, 8.5, 9, 8.75], "texture": "#2"}
			}
		},
		{
			"from": [8.29794, 9.80207, 7.5],
			"to": [10.29794, 16.80207, 8.5],
			"rotation": {"angle": -22.5, "axis": "z", "origin": [10.66016, 18.66363, 8]},
			"faces": {
				"north": {"uv": [4, 5.75, 4.5, 7.5], "texture": "#2"},
				"east": {"uv": [3, 7.25, 3.25, 9], "texture": "#2"},
				"south": {"uv": [4, 5.75, 4.5, 7.5], "texture": "#2"},
				"west": {"uv": [3.25, 7.25, 3.5, 9], "texture": "#2"},
				"up": {"uv": [9, 6, 8.5, 5.75], "texture": "#2"},
				"down": {"uv": [9, 6.75, 8.5, 7], "texture": "#2"}
			}
		},
		{
			"from": [5.70206, 9.80207, 7.5],
			"to": [7.70206, 16.80207, 8.5],
			"rotation": {"angle": 22.5, "axis": "z", "origin": [5.33984, 18.66363, 8]},
			"faces": {
				"north": {"uv": [4.5, 5.75, 4, 7.5], "rotation": 180, "texture": "#2"},
				"east": {"uv": [3.5, 7.25, 3.25, 9], "texture": "#2"},
				"south": {"uv": [4.5, 5.75, 4, 7.5], "texture": "#2"},
				"west": {"uv": [3.25, 7.25, 3, 9], "texture": "#2"},
				"up": {"uv": [8.5, 6, 9, 5.75], "texture": "#2"},
				"down": {"uv": [8.5, 6.75, 9, 7], "texture": "#2"}
			}
		},
		{
			"from": [8.28794, 15.79207, 7.49],
			"to": [10.30794, 23.81207, 8.51],
			"rotation": {"angle": -22.5, "axis": "z", "origin": [10.66016, 25.66363, 8]},
			"faces": {
				"north": {"uv": [0.5, 5, 1, 7], "rotation": 180, "texture": "#2"},
				"east": {"uv": [0, 7, 0.25, 9], "texture": "#2"},
				"south": {"uv": [0.5, 5, 1, 7], "texture": "#2"},
				"west": {"uv": [0.25, 7, 0.5, 9], "texture": "#2"},
				"up": {"uv": [9, 0.25, 8.5, 0], "texture": "#2"},
				"down": {"uv": [9, 0.25, 8.5, 0.5], "texture": "#2"}
			}
		},
		{
			"from": [6.89794, 21.80207, 7.5],
			"to": [8.89794, 25.80207, 8.5],
			"rotation": {"angle": 0, "axis": "z", "origin": [9.26016, 30.66363, 8]},
			"faces": {
				"north": {"uv": [7, 0.5, 7.5, 1.5], "texture": "#2"},
				"east": {"uv": [3.75, 1, 4, 2], "texture": "#2"},
				"south": {"uv": [7, 0.5, 7.5, 1.5], "texture": "#2"},
				"west": {"uv": [1, 8, 1.25, 9], "texture": "#2"},
				"up": {"uv": [9, 2, 8.5, 1.75], "texture": "#2"},
				"down": {"uv": [9, 2.75, 8.5, 3], "texture": "#2"}
			}
		},
		{
			"from": [2.37342, 24.0285, 7.48],
			"to": [4.41342, 26.0685, 8.52],
			"rotation": {"angle": 45, "axis": "z", "origin": [4.75564, 30.91005, 8]},
			"faces": {
				"north": {"uv": [1.25, 8, 1.75, 8.5], "texture": "#2"},
				"east": {"uv": [8.5, 3, 8.75, 3.5], "texture": "#2"},
				"south": {"uv": [1.25, 8, 1.75, 8.5], "texture": "#2"},
				"west": {"uv": [8.5, 5.25, 8.75, 5.75], "texture": "#2"},
				"up": {"uv": [9, 3.75, 8.5, 3.5], "texture": "#2"},
				"down": {"uv": [9, 4.25, 8.5, 4.5], "texture": "#2"}
			}
		},
		{
			"from": [2.44842, 14.0785, 6.98],
			"to": [4.48842, 16.1185, 9.02],
			"rotation": {"angle": 45, "axis": "z", "origin": [4.83064, 20.96005, 7.5]},
			"faces": {
				"north": {"uv": [4.5, 8, 5, 8.5], "rotation": 270, "texture": "#2"},
				"east": {"uv": [4, 8, 4.5, 8.5], "texture": "#2"},
				"south": {"uv": [4.5, 8, 5, 8.5], "texture": "#2"},
				"west": {"uv": [6.5, 8, 7, 8.5], "texture": "#2"},
				"up": {"uv": [7.5, 8.5, 7, 8], "texture": "#2"},
				"down": {"uv": [8.5, 8, 8, 8.5], "texture": "#2"}
			}
		},
		{
			"from": [5.69706, 15.79707, 7.495],
			"to": [7.70706, 23.80707, 8.505],
			"rotation": {"angle": 22.5, "axis": "z", "origin": [5.33984, 25.66363, 8]},
			"faces": {
				"north": {"uv": [5.5, 5.5, 6, 7.5], "rotation": 180, "texture": "#2"},
				"east": {"uv": [0.5, 7, 0.75, 9], "texture": "#2"},
				"south": {"uv": [5.5, 5.5, 6, 7.5], "texture": "#2"},
				"west": {"uv": [0.75, 7, 1, 9], "texture": "#2"},
				"up": {"uv": [9, 1.5, 8.5, 1.25], "texture": "#2"},
				"down": {"uv": [9, 1.5, 8.5, 1.75], "texture": "#2"}
			}
		},
		{
			"from": [8.29794, 4.80207, 7.5],
			"to": [10.29794, 11.80207, 8.5],
			"rotation": {"angle": -22.5, "axis": "z", "origin": [10.66016, 13.66363, 8]},
			"faces": {
				"north": {"uv": [4.5, 5.75, 5, 7.5], "texture": "#2"},
				"east": {"uv": [6, 7.25, 6.25, 9], "texture": "#2"},
				"south": {"uv": [5, 5.75, 5.5, 7.5], "texture": "#2"},
				"west": {"uv": [6.25, 7.25, 6.5, 9], "texture": "#2"},
				"up": {"uv": [9, 7.25, 8.5, 7], "texture": "#2"},
				"down": {"uv": [9, 7.25, 8.5, 7.5], "texture": "#2"}
			}
		},
		{
			"from": [5.70206, 4.80207, 7.5],
			"to": [7.70206, 11.80207, 8.5],
			"rotation": {"angle": 22.5, "axis": "z", "origin": [5.33984, 13.66363, 8]},
			"faces": {
				"north": {"uv": [5, 5.75, 4.5, 7.5], "texture": "#2"},
				"east": {"uv": [6.5, 7.25, 6.25, 9], "texture": "#2"},
				"south": {"uv": [5.5, 5.75, 5, 7.5], "texture": "#2"},
				"west": {"uv": [6.25, 7.25, 6, 9], "texture": "#2"},
				"up": {"uv": [8.5, 7.25, 9, 7], "texture": "#2"},
				"down": {"uv": [8.5, 7.25, 9, 7.5], "texture": "#2"}
			}
		},
		{
			"from": [9, -1.13185, 7],
			"to": [13, -0.13185, 9],
			"rotation": {"angle": 22.5, "axis": "z", "origin": [11, -0.63185, 8]},
			"faces": {
				"north": {"uv": [7.5, 7.25, 8.5, 7.5], "texture": "#2"},
				"east": {"uv": [6, 2, 6.5, 2.25], "texture": "#2"},
				"south": {"uv": [1, 7.75, 2, 8], "texture": "#2"},
				"west": {"uv": [8, 4.25, 8.5, 4.5], "texture": "#2"},
				"up": {"uv": [7, 7.25, 6, 6.75], "texture": "#2"},
				"down": {"uv": [7.75, 0, 6.75, 0.5], "texture": "#2"}
			}
		},
		{
			"from": [8.99, -1.14185, 6.99],
			"to": [14.01, -0.12185, 9.01],
			"rotation": {"angle": 22.5, "axis": "z", "origin": [11, -0.63185, 8]},
			"faces": {
				"north": {"uv": [3.75, 3.5, 5, 3.75], "texture": "#2"},
				"east": {"uv": [5, 3.5, 5.5, 3.75], "texture": "#2"},
				"south": {"uv": [7.25, 5.25, 8.5, 5.5], "texture": "#2"},
				"west": {"uv": [5.5, 5.25, 6, 5.5], "texture": "#2"},
				"up": {"uv": [7.75, 2.5, 6.5, 2], "texture": "#2"},
				"down": {"uv": [7.75, 2.5, 6.5, 3], "texture": "#2"}
			}
		},
		{
			"from": [8.99, -3.535, 6.99],
			"to": [14.01, -2.515, 9.01],
			"rotation": {"angle": -22.5, "axis": "z", "origin": [11, -3.025, 8]},
			"faces": {
				"north": {"uv": [7.5, 7.5, 8.75, 7.75], "texture": "#2"},
				"east": {"uv": [8.25, 2.25, 8.75, 2.5], "texture": "#2"},
				"south": {"uv": [7.5, 0.5, 8.75, 0.75], "texture": "#2"},
				"west": {"uv": [8.25, 2.5, 8.75, 2.75], "texture": "#2"},
				"up": {"uv": [7.75, 3.5, 6.5, 3], "texture": "#2"},
				"down": {"uv": [7.75, 3.5, 6.5, 4], "texture": "#2"}
			}
		},
		{
			"from": [11.115, -9.535, 6.99],
			"to": [11.135, -3.515, 9.01],
			"rotation": {"angle": -22.5, "axis": "z", "origin": [11, -3.025, 8]},
			"faces": {
				"north": {"uv": [6, 0.5, 6.5, 2], "texture": "#2"},
				"east": {"uv": [6, 0.5, 6.5, 2], "texture": "#2"},
				"south": {"uv": [6, 0.5, 6.5, 2], "texture": "#2"},
				"west": {"uv": [6, 0.5, 6.5, 2], "texture": "#2"},
				"up": {"uv": [6, 0.5, 6.5, 2], "texture": "#2"},
				"down": {"uv": [6, 0.5, 6.5, 2], "texture": "#2"}
			}
		},
		{
			"from": [10.89, -6.535, 3.99],
			"to": [10.91, -4.515, 12.01],
			"rotation": {"angle": -22.5, "axis": "z", "origin": [11, -3.025, 8]},
			"faces": {
				"north": {"uv": [3.75, 3, 5.75, 3.5], "texture": "#2"},
				"east": {"uv": [3.75, 3, 5.75, 3.5], "texture": "#2"},
				"south": {"uv": [3.75, 3, 5.75, 3.5], "texture": "#2"},
				"west": {"uv": [3.75, 3, 5.75, 3.5], "texture": "#2"},
				"up": {"uv": [3.75, 3, 5.75, 3.5], "texture": "#2"},
				"down": {"uv": [3.75, 3, 5.75, 3.5], "texture": "#2"}
			}
		},
		{
			"from": [4.165, -5.66, 3.99],
			"to": [4.185, -1.64, 12.01],
			"rotation": {"angle": -22.5, "axis": "z", "origin": [11.275, -2.15, 8]},
			"faces": {
				"north": {"uv": [2, 2, 4, 3], "texture": "#2"},
				"east": {"uv": [2, 2, 4, 3], "texture": "#2"},
				"south": {"uv": [2, 2, 4, 3], "texture": "#2"},
				"west": {"uv": [2, 2, 4, 3], "texture": "#2"},
				"up": {"uv": [2, 2, 4, 3], "texture": "#2"},
				"down": {"uv": [2, 2, 4, 3], "texture": "#2"}
			}
		},
		{
			"from": [4.165, -5.66, 11.99],
			"to": [5.185, -1.64, 12.01],
			"rotation": {"angle": -22.5, "axis": "z", "origin": [11.275, -2.15, 8]},
			"faces": {
				"north": {"uv": [9.49975, 0, 9.7495, 0.99975], "texture": "#2"},
				"east": {"uv": [9.49975, 0, 9.7495, 0.99975], "texture": "#2"},
				"south": {"uv": [9.49975, 0, 9.7495, 0.99975], "texture": "#2"},
				"west": {"uv": [9.49975, 0, 9.7495, 0.99975], "texture": "#2"},
				"up": {"uv": [9.49975, 0, 9.7495, 0.99975], "texture": "#2"},
				"down": {"uv": [9.49975, 0, 9.7495, 0.99975], "texture": "#2"}
			}
		},
		{
			"from": [4.18348, -3.69622, 11.89],
			"to": [5.20348, 0.32378, 11.91],
			"rotation": {"angle": 22.5, "axis": "z", "origin": [11.29348, -3.18622, 8]},
			"faces": {
				"north": {"uv": [9.49975, 0.99975, 9.7495, 0], "texture": "#2"},
				"east": {"uv": [9.49975, 0.99975, 9.7495, 0], "texture": "#2"},
				"south": {"uv": [9.49975, 0.99975, 9.7495, 0], "texture": "#2"},
				"west": {"uv": [9.49975, 0.99975, 9.7495, 0], "texture": "#2"},
				"up": {"uv": [9.49975, 0.99975, 9.7495, 0], "texture": "#2"},
				"down": {"uv": [9.49975, 0.99975, 9.7495, 0], "texture": "#2"}
			}
		},
		{
			"from": [4.18348, -3.69622, 4.09],
			"to": [5.20348, 0.32378, 4.11],
			"rotation": {"angle": 22.5, "axis": "z", "origin": [11.29348, -3.18622, 8]},
			"faces": {
				"north": {"uv": [9.7495, 0.99975, 9.49975, 0], "texture": "#2"},
				"east": {"uv": [9.7495, 0.99975, 9.49975, 0], "texture": "#2"},
				"south": {"uv": [9.7495, 0.99975, 9.49975, 0], "texture": "#2"},
				"west": {"uv": [9.7495, 0.99975, 9.49975, 0], "texture": "#2"},
				"up": {"uv": [9.7495, 0.99975, 9.49975, 0], "texture": "#2"},
				"down": {"uv": [9.7495, 0.99975, 9.49975, 0], "texture": "#2"}
			}
		},
		{
			"from": [4.165, -5.66, 3.99],
			"to": [5.185, -1.64, 4.01],
			"rotation": {"angle": -22.5, "axis": "z", "origin": [11.275, -2.15, 8]},
			"faces": {
				"north": {"uv": [9.7495, 0, 9.49975, 0.99975], "texture": "#2"},
				"east": {"uv": [9.7495, 0, 9.49975, 0.99975], "texture": "#2"},
				"south": {"uv": [9.7495, 0, 9.49975, 0.99975], "texture": "#2"},
				"west": {"uv": [9.7495, 0, 9.49975, 0.99975], "texture": "#2"},
				"up": {"uv": [9.7495, 0, 9.49975, 0.99975], "texture": "#2"},
				"down": {"uv": [9.7495, 0, 9.49975, 0.99975], "texture": "#2"}
			}
		},
		{
			"from": [4.165, -3.70388, 3.99],
			"to": [4.185, 0.31612, 12.01],
			"rotation": {"angle": 22.5, "axis": "z", "origin": [11.275, -3.19388, 8]},
			"faces": {
				"north": {"uv": [2, 3, 4, 2], "texture": "#2"},
				"east": {"uv": [2, 3, 4, 2], "texture": "#2"},
				"south": {"uv": [2, 3, 4, 2], "texture": "#2"},
				"west": {"uv": [2, 3, 4, 2], "texture": "#2"},
				"up": {"uv": [2, 3, 4, 2], "texture": "#2"},
				"down": {"uv": [2, 3, 4, 2], "texture": "#2"}
			}
		},
		{
			"from": [4.89, -6.535, 10.99],
			"to": [11.91, -2.515, 11.01],
			"rotation": {"angle": -22.5, "axis": "z", "origin": [11, -3.025, 8]},
			"faces": {
				"north": {"uv": [5.5, 3.75, 3.75, 4.75], "texture": "#2"},
				"east": {"uv": [3.75, 3.75, 5.5, 4.75], "texture": "#2"},
				"south": {"uv": [3.75, 3.75, 5.5, 4.75], "texture": "#2"},
				"west": {"uv": [3.75, 3.75, 5.5, 4.75], "texture": "#2"},
				"up": {"uv": [3.75, 3.75, 5.5, 4.75], "texture": "#2"},
				"down": {"uv": [3.75, 3.75, 5.5, 4.75], "texture": "#2"}
			}
		},
		{
			"from": [4.89, -6.535, 4.99],
			"to": [11.91, -2.515, 5.01],
			"rotation": {"angle": -22.5, "axis": "z", "origin": [11, -3.025, 8]},
			"faces": {
				"north": {"uv": [5.5, 3.75, 3.75, 4.75], "texture": "#2"},
				"east": {"uv": [5.5, 3.75, 3.75, 4.75], "texture": "#2"},
				"south": {"uv": [3.75, 3.75, 5.5, 4.75], "texture": "#2"},
				"west": {"uv": [5.5, 3.75, 3.75, 4.75], "texture": "#2"},
				"up": {"uv": [5.5, 3.75, 3.75, 4.75], "texture": "#2"},
				"down": {"uv": [5.5, 3.75, 3.75, 4.75], "texture": "#2"}
			}
		},
		{
			"from": [11.99, -9.535, 6.99],
			"to": [12.01, -3.515, 9.01],
			"rotation": {"angle": -22.5, "axis": "z", "origin": [11, -3.025, 8]},
			"faces": {
				"north": {"uv": [6, 4.5, 6.5, 6], "texture": "#2"},
				"east": {"uv": [6, 4.5, 6.5, 6], "texture": "#2"},
				"south": {"uv": [6, 4.5, 6.5, 6], "texture": "#2"},
				"west": {"uv": [6, 4.5, 6.5, 6], "texture": "#2"},
				"up": {"uv": [6, 4.5, 6.5, 6], "texture": "#2"},
				"down": {"uv": [6, 4.5, 6.5, 6], "texture": "#2"}
			}
		},
		{
			"from": [12.0391, -3.32843, 7],
			"to": [13.0391, -0.32843, 9],
			"rotation": {"angle": 0, "axis": "z", "origin": [11.0391, -2.82843, 8]},
			"faces": {
				"north": {"uv": [5.5, 8.25, 5.75, 9], "texture": "#2"},
				"east": {"uv": [5, 7.5, 5.5, 8.25], "texture": "#2"},
				"south": {"uv": [5.75, 8.25, 6, 9], "texture": "#2"},
				"west": {"uv": [5.5, 7.5, 6, 8.25], "texture": "#2"},
				"up": {"uv": [8.5, 3.25, 8.25, 2.75], "texture": "#2"},
				"down": {"uv": [8.5, 3.25, 8.25, 3.75], "texture": "#2"}
			}
		},
		{
			"from": [13.0391, -3.82843, 7],
			"to": [15.0391, -2.82843, 9],
			"rotation": {"angle": 0, "axis": "z", "origin": [11.0391, -3.32843, 8]},
			"faces": {
				"north": {"uv": [8.25, 3.75, 8.75, 4], "texture": "#2"},
				"east": {"uv": [8.25, 4.5, 8.75, 4.75], "texture": "#2"},
				"south": {"uv": [8.25, 4.75, 8.75, 5], "texture": "#2"},
				"west": {"uv": [8.25, 6.25, 8.75, 6.5], "texture": "#2"},
				"up": {"uv": [8.25, 2, 7.75, 1.5], "texture": "#2"},
				"down": {"uv": [8.25, 2, 7.75, 2.5], "texture": "#2"}
			}
		},
		{
			"from": [13.0391, -0.82843, 7],
			"to": [15.0391, 0.17157, 9],
			"rotation": {"angle": 0, "axis": "z", "origin": [11.0391, -0.32843, 8]},
			"faces": {
				"north": {"uv": [8.25, 6.5, 8.75, 6.75], "texture": "#2"},
				"east": {"uv": [1.25, 8.5, 1.75, 8.75], "texture": "#2"},
				"south": {"uv": [3.5, 8.5, 4, 8.75], "texture": "#2"},
				"west": {"uv": [4, 8.5, 4.5, 8.75], "texture": "#2"},
				"up": {"uv": [8.25, 3, 7.75, 2.5], "texture": "#2"},
				"down": {"uv": [8.25, 3, 7.75, 3.5], "texture": "#2"}
			}
		},
		{
			"from": [5.99, -12.01, 6.99],
			"to": [10.01, -7.99, 9.01],
			"rotation": {"angle": -45, "axis": "z", "origin": [8, -10, 8]},
			"faces": {
				"north": {"uv": [4.5, 4.75, 5.5, 5.75], "rotation": 90, "texture": "#2"},
				"east": {"uv": [1, 6.75, 1.5, 7.75], "texture": "#2"},
				"south": {"uv": [4.5, 4.75, 5.5, 5.75], "texture": "#2"},
				"west": {"uv": [1.5, 6.75, 2, 7.75], "texture": "#2"},
				"up": {"uv": [7.5, 6, 6.5, 5.5], "texture": "#2"},
				"down": {"uv": [3.5, 6.75, 2.5, 7.25], "texture": "#2"}
			}
		},
		{
			"from": [6.98, -3.02, 6.98],
			"to": [10.02, 0.02, 9.02],
			"rotation": {"angle": -45, "axis": "z", "origin": [8, -1, 8]},
			"faces": {
				"north": {"uv": [6.5, 4.75, 7.25, 5.5], "rotation": 90, "texture": "#2"},
				"east": {"uv": [6.5, 7.25, 7, 8], "texture": "#2"},
				"south": {"uv": [6.5, 4.75, 7.25, 5.5], "texture": "#2"},
				"west": {"uv": [7.25, 4.5, 7.75, 5.25], "texture": "#2"},
				"up": {"uv": [4.25, 8, 3.5, 7.5], "texture": "#2"},
				"down": {"uv": [5, 7.5, 4.25, 8], "texture": "#2"}
			}
		},
		{
			"from": [9.49, -2.11, 7.49],
			"to": [11.51, -0.09, 8.51],
			"rotation": {"angle": -45, "axis": "z", "origin": [9.5, -1.1, 8.5]},
			"faces": {
				"north": {"uv": [7.5, 7.75, 8, 8.25], "texture": "#2"},
				"east": {"uv": [8.25, 0, 8.5, 0.5], "texture": "#2"},
				"south": {"uv": [7.75, 0, 8.25, 0.5], "texture": "#2"},
				"west": {"uv": [8.25, 1.5, 8.5, 2], "texture": "#2"},
				"up": {"uv": [8.5, 8, 8, 7.75], "texture": "#2"},
				"down": {"uv": [8.75, 2, 8.25, 2.25], "texture": "#2"}
			}
		},
		{
			"from": [14.49, -2.11, 7.49],
			"to": [16.51, -0.09, 8.51],
			"rotation": {"angle": -45, "axis": "z", "origin": [14.5, -1.1, 8.5]},
			"faces": {
				"north": {"uv": [7.75, 3.5, 8.25, 4], "texture": "#2"},
				"east": {"uv": [4.5, 8.5, 4.75, 9], "texture": "#2"},
				"south": {"uv": [7.75, 4.5, 8.25, 5], "texture": "#2"},
				"west": {"uv": [4.75, 8.5, 5, 9], "texture": "#2"},
				"up": {"uv": [7, 8.75, 6.5, 8.5], "texture": "#2"},
				"down": {"uv": [7.5, 8.5, 7, 8.75], "texture": "#2"}
			}
		},
		{
			"from": [5.98, -9.02, 6.48],
			"to": [10.02, -7.98, 9.52],
			"rotation": {"angle": -45, "axis": "z", "origin": [8, -10, 8]},
			"faces": {
				"north": {"uv": [7.5, 1.25, 8.5, 1.5], "texture": "#2"},
				"east": {"uv": [7.75, 6.75, 8.5, 7], "texture": "#2"},
				"south": {"uv": [7.5, 5.5, 8.5, 5.75], "texture": "#2"},
				"west": {"uv": [8, 0.75, 8.75, 1], "texture": "#2"},
				"up": {"uv": [6.5, 3, 5.5, 2.25], "texture": "#2"},
				"down": {"uv": [2, 6, 1, 6.75], "texture": "#2"}
			}
		},
		{
			"from": [5.98, -11.02, 6.48],
			"to": [7.02, -8.98, 9.52],
			"rotation": {"angle": -45, "axis": "z", "origin": [8, -10, 8]},
			"faces": {
				"north": {"uv": [4.75, 0.5, 5, 1], "texture": "#2"},
				"east": {"uv": [7, 1.5, 7.75, 2], "texture": "#2"},
				"south": {"uv": [5.75, 3, 6, 3.5], "texture": "#2"},
				"west": {"uv": [7, 6, 7.75, 6.5], "texture": "#2"},
				"up": {"uv": [3.75, 4.75, 3.5, 4], "texture": "#2"},
				"down": {"uv": [2, 8, 1.75, 8.75], "texture": "#2"}
			}
		},
		{
			"from": [8.98, -11.02, 6.48],
			"to": [10.02, -8.98, 9.52],
			"rotation": {"angle": -45, "axis": "z", "origin": [8, -10, 8]},
			"faces": {
				"north": {"uv": [7.5, 8.25, 7.75, 8.75], "texture": "#2"},
				"east": {"uv": [7, 6.5, 7.75, 7], "texture": "#2"},
				"south": {"uv": [7.75, 8.25, 8, 8.75], "texture": "#2"},
				"west": {"uv": [7.25, 4, 8, 4.5], "texture": "#2"},
				"up": {"uv": [5.25, 9, 5, 8.25], "texture": "#2"},
				"down": {"uv": [5.5, 8.25, 5.25, 9], "texture": "#2"}
			}
		},
		{
			"from": [5.98, -12.02, 6.48],
			"to": [10.02, -10.98, 9.52],
			"rotation": {"angle": -45, "axis": "z", "origin": [8, -10, 8]},
			"faces": {
				"north": {"uv": [7.5, 5.75, 8.5, 6], "texture": "#2"},
				"east": {"uv": [8, 1, 8.75, 1.25], "texture": "#2"},
				"south": {"uv": [7.5, 7, 8.5, 7.25], "texture": "#2"},
				"west": {"uv": [8, 4, 8.75, 4.25], "texture": "#2"},
				"up": {"uv": [3.5, 6.75, 2.5, 6], "texture": "#2"},
				"down": {"uv": [7, 6, 6, 6.75], "texture": "#2"}
			}
		}
	],
	"display": {
		"thirdperson_righthand": {
			"rotation": [8, -90, 8],
			"translation": [0, 8.5, 2],
			"scale": [0.75, 0.75, 0.75]
		},
		"thirdperson_lefthand": {
			"rotation": [8, 90, -8],
			"translation": [0, 8.5, 2],
			"scale": [0.75, 0.75, 0.75]
		},
		"firstperson_righthand": {
			"rotation": [-8, -92, -1],
			"translation": [2, 6.25, -1.5],
			"scale": [0.8, 0.8, 0.8]
		},
		"firstperson_lefthand": {
			"rotation": [-8, -92, -1],
			"translation": [2, 6.25, -1.5],
			"scale": [0.8, 0.8, 0.8]
		},
		"ground": {
			"rotation": [-45, 0, 0],
			"translation": [0, 1.75, 0],
			"scale": [0.3, 0.3, 0.3]
		},
		"gui": {
			"rotation": [0, 0, -47],
			"translation": [0.25, 0.25, 0],
			"scale": [0.5, 0.5, 0.64]
		},
		"fixed": {
			"rotation": [0, 0, 45],
			"translation": [-0.25, 0.5, 0],
			"scale": [0.6, 0.6, 0.64]
		}
	}
}