{
    "credit": "Made with Blockbench",
    "display": {
        "firstperson_lefthand": {"rotation":[45,-14,71],"translation":[-9,5.25,6.75]},
        "firstperson_righthand": {"rotation":[45,-14,71],"translation":[-9.25,5.25,6.75]},
        "fixed": {"rotation":[-90,0,0],"scale":[2,2,2],"translation":[0,0,-17.26]},
        "ground": {"scale":[0.6,0.6,0.6],"translation":[0,3.5,0]},
        "gui": {"rotation":[122,0,142],"scale":[1.2,1.2,1.2],"translation":[-5,4,0]},
        "head": {"scale":[1.6,1.6,1.6],"translation":[0,19.26,0]},
        "thirdperson_lefthand": {"rotation":[87,-168,93],"translation":[7,-0.75,0.25]},
        "thirdperson_righthand": {"rotation":[87,-168,93],"translation":[7,-0.75,0.25]}
    },
    "elements": [
        {"faces":{"down":{"texture":"#0","uv":[0,0,0,2.5]},"east":{"rotation":90,"texture":"#0","uv":[1.5,0,2,2.5]},"south":{"texture":"#0","uv":[0,0,0,0.5]},"up":{"texture":"#0","uv":[0,0,0,2.5]},"west":{"rotation":90,"texture":"#0","uv":[1.5,0,2,2.5]}},"from":[11,0,3],"rotation":{"angle":0,"axis":"y","origin":[7,8,7]},"to":[11,2,13]},
        {"faces":{"down":{"texture":"#0","uv":[0,0,1.5,2.5]},"east":{"texture":"#0","uv":[0,0,2.5,0]},"south":{"texture":"#0","uv":[0,0,1.5,0]},"up":{"texture":"#0","uv":[0,0,1.5,2.5]},"west":{"texture":"#0","uv":[0,0,2.5,0]}},"from":[5,0,3],"rotation":{"angle":0,"axis":"y","origin":[7,8,7]},"to":[11,0,13]},
        {"faces":{"down":{"texture":"#0","uv":[0,0,1.5,2.5]},"east":{"texture":"#0","uv":[0,0,2.5,0]},"south":{"texture":"#0","uv":[0,0,1.5,0]},"up":{"texture":"#0","uv":[0,0,1.5,2.5]},"west":{"texture":"#0","uv":[0,0,2.5,0]}},"from":[5,2,3],"rotation":{"angle":0,"axis":"y","origin":[7,8,7]},"to":[11,2,13]},
        {"faces":{"down":{"texture":"#0","uv":[0.25,5.75,1.5,7.75]},"east":{"rotation":90,"texture":"#0","uv":[1.5,0.25,1.75,2.25]},"north":{"texture":"#0","uv":[1,5.5,2.25,5.75]},"south":{"texture":"#0","uv":[1,5.5,2.25,5.75]},"up":{"texture":"#0","uv":[0.25,0.25,1.5,2.25]},"west":{"texture":"#0","uv":[1,5.5,2.25,5.75]}},"from":[6,1,4],"to":[11,2,12]},
        {"faces":{"down":{"texture":"#0","uv":[0.25,0.25,1.5,2.25]},"east":{"rotation":90,"texture":"#0","uv":[1.75,0.25,2,2.25]},"north":{"texture":"#0","uv":[3.75,5.5,5,5.75]},"south":{"texture":"#0","uv":[3.75,5.5,5,5.75]},"up":{"texture":"#0","uv":[1.75,5.75,3,7.75]},"west":{"texture":"#0","uv":[3.75,5.5,5,5.75]}},"from":[6,0,4],"to":[11,1,12]}
    ],
    "groups": [
        {"children":[0,1,2,3,4],"name":"group","origin":[8,8,8]}
    ],
    "textures": {
        "0": "minehub:decorations/book_stack_1",
        "particle": "minehub:decorations/book_stack_1"
    }
}