{
    "credit": "Made with Blockbench",
    "display": {
        "firstperson_lefthand": {"rotation":[77,-77,75],"translation":[-0.5,8.75,1.5]},
        "firstperson_righthand": {"rotation":[77,-77,75],"translation":[-0.5,8.75,1.5]},
        "fixed": {"rotation":[-90,0,0],"scale":[2,2,2],"translation":[0,0,-16.5]},
        "ground": {"scale":[0.6,0.6,0.6],"translation":[0,3.5,0]},
        "gui": {"rotation":[122,0,127],"scale":[1.07,1.07,1.07],"translation":[-4.5,2,0]},
        "head": {"rotation":[0,14,0],"scale":[1.6,1.6,1.6],"translation":[0,19.26,0]},
        "thirdperson_lefthand": {"rotation":[150,-90,93],"translation":[0.25,4.5,6]},
        "thirdperson_righthand": {"rotation":[150,-90,93],"translation":[0.25,4.5,6]}
    },
    "elements": [
        {"faces":{"down":{"texture":"#0","uv":[0,0,0,2.5]},"east":{"rotation":90,"texture":"#0","uv":[1.5,0,2,2.5]},"south":{"texture":"#0","uv":[0,0,0,0.5]},"up":{"texture":"#0","uv":[0,0,0,2.5]},"west":{"rotation":90,"texture":"#0","uv":[1.5,0,2,2.5]}},"from":[11,0,3],"rotation":{"angle":0,"axis":"y","origin":[7,8,7]},"to":[11,2,13]},
        {"faces":{"down":{"texture":"#0","uv":[0,0,1.5,2.5]},"east":{"texture":"#0","uv":[0,0,2.5,0]},"south":{"texture":"#0","uv":[0,0,1.5,0]},"up":{"texture":"#0","uv":[0,0,1.5,2.5]},"west":{"texture":"#0","uv":[0,0,2.5,0]}},"from":[5,0,3],"rotation":{"angle":0,"axis":"y","origin":[7,8,7]},"to":[11,0,13]},
        {"faces":{"down":{"texture":"#0","uv":[0,0,1.5,2.5]},"east":{"texture":"#0","uv":[0,0,2.5,0]},"south":{"texture":"#0","uv":[0,0,1.5,0]},"up":{"texture":"#0","uv":[0,0,1.5,2.5]},"west":{"texture":"#0","uv":[0,0,2.5,0]}},"from":[5,2,3],"rotation":{"angle":0,"axis":"y","origin":[7,8,7]},"to":[11,2,13]},
        {"faces":{"down":{"texture":"#0","uv":[0.25,5.75,1.5,7.75]},"east":{"rotation":90,"texture":"#0","uv":[1.5,0.25,1.75,2.25]},"north":{"texture":"#0","uv":[1,5.5,2.25,5.75]},"south":{"texture":"#0","uv":[1,5.5,2.25,5.75]},"up":{"texture":"#0","uv":[0.25,0.25,1.5,2.25]},"west":{"texture":"#0","uv":[1,5.5,2.25,5.75]}},"from":[6,1,4],"to":[11,2,12]},
        {"faces":{"down":{"texture":"#0","uv":[0.25,0.25,1.5,2.25]},"east":{"rotation":90,"texture":"#0","uv":[1.75,0.25,2,2.25]},"north":{"texture":"#0","uv":[3.75,5.5,5,5.75]},"south":{"texture":"#0","uv":[3.75,5.5,5,5.75]},"up":{"texture":"#0","uv":[1.75,5.75,3,7.75]},"west":{"texture":"#0","uv":[3.75,5.5,5,5.75]}},"from":[6,0,4],"to":[11,1,12]},
        {"faces":{"down":{"texture":"#0","uv":[0,0,0,2.5]},"east":{"rotation":90,"texture":"#0","uv":[3.75,0,4.25,2.5]},"south":{"texture":"#0","uv":[0,0,0,0.5]},"up":{"texture":"#0","uv":[0,0,0,2.5]},"west":{"rotation":90,"texture":"#0","uv":[3.75,0,4.25,2.5]}},"from":[11,2.01,3],"rotation":{"angle":22.5,"axis":"y","origin":[8,10,8]},"to":[11,4.01,13]},
        {"faces":{"down":{"texture":"#0","uv":[2.25,2.5,3.75,0]},"east":{"texture":"#0","uv":[0,0,2.5,0]},"south":{"texture":"#0","uv":[0,0,1.5,0]},"up":{"texture":"#0","uv":[2.25,0,3.75,2.5]},"west":{"texture":"#0","uv":[0,0,2.5,0]}},"from":[5,2.01,3],"rotation":{"angle":22.5,"axis":"y","origin":[8,10,8]},"to":[11,2.01,13]},
        {"faces":{"down":{"texture":"#0","uv":[2.25,2.5,3.75,0]},"east":{"texture":"#0","uv":[0,0,2.5,0]},"south":{"texture":"#0","uv":[0,0,1.5,0]},"up":{"texture":"#0","uv":[2.25,0,3.75,2.5]},"west":{"texture":"#0","uv":[0,0,2.5,0]}},"from":[5,4.01,3],"rotation":{"angle":22.5,"axis":"y","origin":[8,10,8]},"to":[11,4.01,13]},
        {"faces":{"down":{"texture":"#0","uv":[0.25,5.75,1.5,7.75]},"east":{"rotation":90,"texture":"#0","uv":[3.75,0.25,4,2.25]},"north":{"texture":"#0","uv":[1,5.5,2.25,5.75]},"south":{"texture":"#0","uv":[1,5.5,2.25,5.75]},"up":{"texture":"#0","uv":[2.5,0.25,3.75,2.25]},"west":{"texture":"#0","uv":[1,5.5,2.25,5.75]}},"from":[6,3.01,4],"rotation":{"angle":22.5,"axis":"y","origin":[8,10,8]},"to":[11,4.01,12]},
        {"faces":{"down":{"texture":"#0","uv":[2.5,2.25,3.75,0.25]},"east":{"rotation":90,"texture":"#0","uv":[4,0.25,4.25,2.25]},"north":{"texture":"#0","uv":[3.75,5.5,5,5.75]},"south":{"texture":"#0","uv":[3.75,5.5,5,5.75]},"up":{"texture":"#0","uv":[1.75,5.75,3,7.75]},"west":{"texture":"#0","uv":[3.75,5.5,5,5.75]}},"from":[6,2.01,4],"rotation":{"angle":22.5,"axis":"y","origin":[8,10,8]},"to":[11,3.01,12]},
        {"faces":{"down":{"texture":"#0","uv":[0,0,0,2.5]},"east":{"rotation":90,"texture":"#0","uv":[6,0,6.5,2.5]},"south":{"texture":"#0","uv":[0,0,0,0.5]},"up":{"texture":"#0","uv":[0,0,0,2.5]},"west":{"rotation":90,"texture":"#0","uv":[6,0,6.5,2.5]}},"from":[11,4.02,3],"rotation":{"angle":0,"axis":"y","origin":[8,10,8]},"to":[11,6.02,13]},
        {"faces":{"down":{"texture":"#0","uv":[4.5,2.5,6,0]},"east":{"texture":"#0","uv":[0,0,2.5,0]},"south":{"texture":"#0","uv":[0,0,1.5,0]},"up":{"texture":"#0","uv":[4.5,0,6,2.5]},"west":{"texture":"#0","uv":[0,0,2.5,0]}},"from":[5,4.02,3],"rotation":{"angle":0,"axis":"y","origin":[8,10,8]},"to":[11,4.02,13]},
        {"faces":{"down":{"texture":"#0","uv":[4.5,2.5,6,0]},"east":{"texture":"#0","uv":[0,0,2.5,0]},"south":{"texture":"#0","uv":[0,0,1.5,0]},"up":{"texture":"#0","uv":[4.5,0,6,2.5]},"west":{"texture":"#0","uv":[0,0,2.5,0]}},"from":[5,6.02,3],"rotation":{"angle":0,"axis":"y","origin":[8,10,8]},"to":[11,6.02,13]},
        {"faces":{"down":{"texture":"#0","uv":[0.25,5.75,1.5,7.75]},"east":{"rotation":90,"texture":"#0","uv":[6,0.25,6.25,2.25]},"north":{"texture":"#0","uv":[1,5.5,2.25,5.75]},"south":{"texture":"#0","uv":[1,5.5,2.25,5.75]},"up":{"texture":"#0","uv":[4.75,0.25,6,2.25]},"west":{"texture":"#0","uv":[1,5.5,2.25,5.75]}},"from":[6,5.02,4],"rotation":{"angle":0,"axis":"y","origin":[8,10,8]},"to":[11,6.02,12]},
        {"faces":{"down":{"texture":"#0","uv":[4.75,2.25,6,0.25]},"east":{"rotation":90,"texture":"#0","uv":[6.25,0.25,6.5,2.25]},"north":{"texture":"#0","uv":[3.75,5.5,5,5.75]},"south":{"texture":"#0","uv":[3.75,5.5,5,5.75]},"up":{"texture":"#0","uv":[1.75,5.75,3,7.75]},"west":{"texture":"#0","uv":[3.75,5.5,5,5.75]}},"from":[6,4.02,4],"rotation":{"angle":0,"axis":"y","origin":[8,10,8]},"to":[11,5.02,12]}
    ],
    "groups": [
        {"children":[0,1,2,3,4],"name":"group","origin":[8,8,8]},
        {"children":[5,6,7,8,9],"name":"group","origin":[8,8,8]},
        {"children":[10,11,12,13,14],"name":"group","origin":[8,8,8]}
    ],
    "textures": {
        "0": "minehub:decorations/book_stack_1",
        "particle": "minehub:decorations/book_stack_1"
    }
}