{
	"gui_light": "front",
	"texture_size": [64, 64],
	"textures": {
		"2": "minehub:handheld/epic/epic_axe",
		"particle": "minehub:handheld/epic/epic_axe"
	},
	"elements": [
		{
			"from": [10, 14, 8],
			"to": [22, 31, 8],
			"rotation": {"angle": 0, "axis": "y", "origin": [7, -3, 9]},
			"faces": {
				"north": {"uv": [12.49925, 5.49975, 9.49975, 9.74925], "texture": "#2"},
				"east": {"uv": [11.99825, 3.249, 11.74875, 4.4985], "texture": "#2"},
				"south": {"uv": [9.49975, 5.49975, 12.49925, 9.74925], "texture": "#2"},
				"west": {"uv": [8.74925, 2.9995, 8.24975, 5.2485], "texture": "#2"},
				"up": {"uv": [11.99925, 3.2495, 9.49975, 3.499], "rotation": 180, "texture": "#2"},
				"down": {"uv": [11.99875, 4.2495, 9.49975, 4.499], "rotation": 180, "texture": "#2"}
			}
		},
		{
			"from": [-6, 14, 8],
			"to": [6, 31, 8],
			"rotation": {"angle": 0, "axis": "y", "origin": [9, -3, 9]},
			"faces": {
				"north": {"uv": [9.49975, 5.49975, 12.49925, 9.74925], "texture": "#2"},
				"east": {"uv": [8.24975, 2.9995, 8.74925, 5.2485], "texture": "#2"},
				"south": {"uv": [12.49925, 5.49975, 9.49975, 9.74925], "texture": "#2"},
				"west": {"uv": [11.74875, 3.249, 11.99825, 4.4985], "texture": "#2"},
				"up": {"uv": [9.49975, 3.2495, 11.99925, 3.499], "rotation": 180, "texture": "#2"},
				"down": {"uv": [9.49975, 4.2495, 11.99875, 4.499], "rotation": 180, "texture": "#2"}
			}
		},
		{
			"from": [-3, 21, 7.5],
			"to": [7, 26, 8.5],
			"rotation": {"angle": 0, "axis": "y", "origin": [6, -4, 8.5]},
			"faces": {
				"north": {"uv": [9.49975, 3.2495, 11.99925, 4.499], "texture": "#2"},
				"east": {"uv": [8.24975, 2.9995, 8.74925, 5.2485], "texture": "#2"},
				"south": {"uv": [11.99925, 3.2495, 9.49975, 4.499], "texture": "#2"},
				"west": {"uv": [11.74875, 3.249, 11.99825, 4.4985], "texture": "#2"},
				"up": {"uv": [9.49975, 3.2495, 11.99925, 3.499], "rotation": 180, "texture": "#2"},
				"down": {"uv": [9.49975, 4.2495, 11.99875, 4.499], "rotation": 180, "texture": "#2"}
			}
		},
		{
			"from": [8.98, 27.98, 6.48],
			"to": [10.02, 30.02, 9.52],
			"rotation": {"angle": -45, "axis": "z", "origin": [8, 29, 8]},
			"faces": {
				"north": {"uv": [2, 6.5, 2.25, 7], "texture": "#2"},
				"east": {"uv": [5.5, 0.5, 6.25, 1], "texture": "#2"},
				"south": {"uv": [2.25, 6.5, 2.5, 7], "texture": "#2"},
				"west": {"uv": [5.5, 1, 6.25, 1.5], "texture": "#2"},
				"up": {"uv": [6.5, 7, 6.25, 6.25], "texture": "#2"},
				"down": {"uv": [6.5, 0.5, 6.25, 1.25], "texture": "#2"}
			}
		},
		{
			"from": [5.98, 29.98, 6.48],
			"to": [10.02, 31.02, 9.52],
			"rotation": {"angle": -45, "axis": "z", "origin": [8, 29, 8]},
			"faces": {
				"north": {"uv": [5.75, 2.5, 6.75, 2.75], "texture": "#2"},
				"east": {"uv": [6, 0.25, 6.75, 0.5], "texture": "#2"},
				"south": {"uv": [5.75, 2.75, 6.75, 3], "texture": "#2"},
				"west": {"uv": [6, 4, 6.75, 4.25], "texture": "#2"},
				"up": {"uv": [4.25, 4.75, 3.25, 4], "texture": "#2"},
				"down": {"uv": [5, 0.75, 4, 1.5], "texture": "#2"}
			}
		},
		{
			"from": [5.98, 27.98, 6.48],
			"to": [7.02, 30.02, 9.52],
			"rotation": {"angle": -45, "axis": "z", "origin": [8, 29, 8]},
			"faces": {
				"north": {"uv": [6.25, 4.25, 6.5, 4.75], "texture": "#2"},
				"east": {"uv": [5.25, 4.75, 6, 5.25], "texture": "#2"},
				"south": {"uv": [6.25, 5.25, 6.5, 5.75], "texture": "#2"},
				"west": {"uv": [3, 5.5, 3.75, 6], "texture": "#2"},
				"up": {"uv": [6, 7, 5.75, 6.25], "texture": "#2"},
				"down": {"uv": [6.25, 6.25, 6, 7], "texture": "#2"}
			}
		},
		{
			"from": [5.98, 26.98, 6.48],
			"to": [10.02, 28.02, 9.52],
			"rotation": {"angle": -45, "axis": "z", "origin": [8, 29, 8]},
			"faces": {
				"north": {"uv": [6, 6, 7, 6.25], "texture": "#2"},
				"east": {"uv": [6, 5.75, 6.75, 6], "texture": "#2"},
				"south": {"uv": [6, 0, 7, 0.25], "texture": "#2"},
				"west": {"uv": [5, 6.25, 5.75, 6.5], "texture": "#2"},
				"up": {"uv": [5, 3.75, 4, 3], "texture": "#2"},
				"down": {"uv": [5.25, 4.25, 4.25, 5], "texture": "#2"}
			}
		},
		{
			"from": [5.9895, 26.9895, 6.9895],
			"to": [10.0105, 31.0105, 9.0105],
			"rotation": {"angle": -45, "axis": "z", "origin": [8, 29, 8]},
			"faces": {
				"north": {"uv": [2, 3, 3, 4], "rotation": 90, "texture": "#2"},
				"east": {"uv": [4.75, 5, 5.25, 6], "texture": "#2"},
				"south": {"uv": [2, 3, 3, 4], "texture": "#2"},
				"west": {"uv": [5, 0.5, 5.5, 1.5], "texture": "#2"},
				"up": {"uv": [6, 3.5, 5, 3], "texture": "#2"},
				"down": {"uv": [3, 5.25, 2, 5.75], "texture": "#2"}
			}
		},
		{
			"from": [7, 21, 7],
			"to": [9, 30, 9],
			"rotation": {"angle": 0, "axis": "y", "origin": [8, -4, 8]},
			"faces": {
				"north": {"uv": [8.24975, 2.9995, 8.74925, 5.2485], "texture": "#2"},
				"east": {"uv": [8.24975, 2.9995, 8.74925, 5.2485], "texture": "#2"},
				"south": {"uv": [8.24975, 2.9995, 8.74925, 5.2485], "texture": "#2"},
				"west": {"uv": [8.24975, 2.9995, 8.74925, 5.2485], "texture": "#2"},
				"up": {"uv": [8.24975, 2.9995, 8.74925, 3.499], "rotation": 180, "texture": "#2"},
				"down": {"uv": [8.24975, 2.9995, 8.74925, 5.2485], "texture": "#2"}
			}
		},
		{
			"from": [5.98, 17.98, 6.48],
			"to": [10.02, 19.02, 9.52],
			"rotation": {"angle": -45, "axis": "z", "origin": [8, 17, 8]},
			"faces": {
				"north": {"uv": [5.75, 2.5, 6.75, 2.75], "texture": "#2"},
				"east": {"uv": [6, 0.25, 6.75, 0.5], "texture": "#2"},
				"south": {"uv": [5.75, 2.75, 6.75, 3], "texture": "#2"},
				"west": {"uv": [6, 4, 6.75, 4.25], "texture": "#2"},
				"up": {"uv": [4.25, 4.75, 3.25, 4], "texture": "#2"},
				"down": {"uv": [5, 0.75, 4, 1.5], "texture": "#2"}
			}
		},
		{
			"from": [8.98, 15.98, 6.48],
			"to": [10.02, 18.02, 9.52],
			"rotation": {"angle": -45, "axis": "z", "origin": [8, 17, 8]},
			"faces": {
				"north": {"uv": [2, 6.5, 2.25, 7], "texture": "#2"},
				"east": {"uv": [5.5, 0.5, 6.25, 1], "texture": "#2"},
				"south": {"uv": [2.25, 6.5, 2.5, 7], "texture": "#2"},
				"west": {"uv": [5.5, 1, 6.25, 1.5], "texture": "#2"},
				"up": {"uv": [6.5, 7, 6.25, 6.25], "texture": "#2"},
				"down": {"uv": [6.5, 0.5, 6.25, 1.25], "texture": "#2"}
			}
		},
		{
			"from": [5.9895, 14.9895, 6.9895],
			"to": [10.0105, 19.0105, 9.0105],
			"rotation": {"angle": -45, "axis": "z", "origin": [8, 17, 8]},
			"faces": {
				"north": {"uv": [2, 3, 3, 4], "rotation": 90, "texture": "#2"},
				"east": {"uv": [4.75, 5, 5.25, 6], "texture": "#2"},
				"south": {"uv": [2, 3, 3, 4], "texture": "#2"},
				"west": {"uv": [5, 0.5, 5.5, 1.5], "texture": "#2"},
				"up": {"uv": [6, 3.5, 5, 3], "texture": "#2"},
				"down": {"uv": [3, 5.25, 2, 5.75], "texture": "#2"}
			}
		},
		{
			"from": [5.98, 15.98, 6.48],
			"to": [7.02, 18.02, 9.52],
			"rotation": {"angle": -45, "axis": "z", "origin": [8, 17, 8]},
			"faces": {
				"north": {"uv": [6.25, 4.25, 6.5, 4.75], "texture": "#2"},
				"east": {"uv": [5.25, 4.75, 6, 5.25], "texture": "#2"},
				"south": {"uv": [6.25, 5.25, 6.5, 5.75], "texture": "#2"},
				"west": {"uv": [3, 5.5, 3.75, 6], "texture": "#2"},
				"up": {"uv": [6, 7, 5.75, 6.25], "texture": "#2"},
				"down": {"uv": [6.25, 6.25, 6, 7], "texture": "#2"}
			}
		},
		{
			"from": [5.98, 14.98, 6.48],
			"to": [10.02, 16.02, 9.52],
			"rotation": {"angle": -45, "axis": "z", "origin": [8, 17, 8]},
			"faces": {
				"north": {"uv": [6, 6, 7, 6.25], "texture": "#2"},
				"east": {"uv": [6, 5.75, 6.75, 6], "texture": "#2"},
				"south": {"uv": [6, 0, 7, 0.25], "texture": "#2"},
				"west": {"uv": [5, 6.25, 5.75, 6.5], "texture": "#2"},
				"up": {"uv": [5, 3.75, 4, 3], "texture": "#2"},
				"down": {"uv": [5.25, 4.25, 4.25, 5], "texture": "#2"}
			}
		},
		{
			"from": [7, -12, 7],
			"to": [9, 21, 9],
			"rotation": {"angle": 0, "axis": "y", "origin": [8, -4, 8]},
			"faces": {
				"north": {"uv": [0, 0, 0.5, 8.25], "texture": "#2"},
				"east": {"uv": [7.25, 0, 7.75, 8.25], "texture": "#2"},
				"south": {"uv": [0, 0, 0.5, 8.25], "texture": "#2"},
				"west": {"uv": [7.25, 0, 7.75, 8.25], "texture": "#2"},
				"up": {"uv": [1, 0.5, 0.5, 0], "texture": "#2"},
				"down": {"uv": [3, 5.75, 2.5, 6.25], "texture": "#2"}
			}
		},
		{
			"from": [9, 21, 7.5],
			"to": [19, 26, 8.5],
			"rotation": {"angle": 0, "axis": "y", "origin": [10, -4, 8.5]},
			"faces": {
				"north": {"uv": [11.99925, 3.2495, 9.49975, 4.499], "texture": "#2"},
				"east": {"uv": [11.99825, 3.249, 11.74875, 4.4985], "texture": "#2"},
				"south": {"uv": [9.49975, 3.2495, 11.99925, 4.499], "texture": "#2"},
				"west": {"uv": [8.74925, 2.9995, 8.24975, 5.2485], "texture": "#2"},
				"up": {"uv": [11.99925, 3.2495, 9.49975, 3.499], "rotation": 180, "texture": "#2"},
				"down": {"uv": [11.99875, 4.2495, 9.49975, 4.499], "rotation": 180, "texture": "#2"}
			}
		},
		{
			"from": [8.125, -4.13185, 7],
			"to": [10.125, -3.13185, 9],
			"rotation": {"angle": 22.5, "axis": "z", "origin": [10.125, -3.63185, 8]},
			"faces": {
				"north": {"uv": [6.5, 0.5, 7, 0.75], "texture": "#2"},
				"east": {"uv": [6.5, 0.75, 7, 1], "texture": "#2"},
				"south": {"uv": [6.5, 1, 7, 1.25], "texture": "#2"},
				"west": {"uv": [6.5, 1.5, 7, 1.75], "texture": "#2"},
				"up": {"uv": [6.5, 5.25, 6, 4.75], "texture": "#2"},
				"down": {"uv": [3, 6.25, 2.5, 6.75], "texture": "#2"}
			}
		},
		{
			"from": [5.725, -4.13185, 7],
			"to": [7.725, -3.13185, 9],
			"rotation": {"angle": -22.5, "axis": "z", "origin": [5.725, -3.63185, 8]},
			"faces": {
				"north": {"uv": [7, 0.5, 6.5, 0.75], "texture": "#2"},
				"east": {"uv": [7, 1.5, 6.5, 1.75], "texture": "#2"},
				"south": {"uv": [7, 1, 6.5, 1.25], "texture": "#2"},
				"west": {"uv": [7, 0.75, 6.5, 1], "texture": "#2"},
				"up": {"uv": [6, 5.25, 6.5, 4.75], "texture": "#2"},
				"down": {"uv": [2.5, 6.25, 3, 6.75], "texture": "#2"}
			}
		},
		{
			"from": [8.2623, 1.41708, 6.97],
			"to": [9.3223, 3.47708, 9.03],
			"rotation": {"angle": -22.5, "axis": "z", "origin": [8.03022, 2.17868, 8]},
			"faces": {
				"north": {"uv": [7, 0.5, 6.5, 0.75], "rotation": 270, "texture": "#2"},
				"east": {"uv": [6, 5.25, 6.5, 4.75], "rotation": 90, "texture": "#2"},
				"south": {"uv": [7, 1, 6.5, 1.25], "rotation": 90, "texture": "#2"},
				"west": {"uv": [2.5, 6.25, 3, 6.75], "rotation": 90, "texture": "#2"},
				"up": {"uv": [7, 0.75, 6.5, 1], "rotation": 90, "texture": "#2"},
				"down": {"uv": [7, 1.5, 6.5, 1.75], "rotation": 90, "texture": "#2"}
			}
		},
		{
			"from": [8.115, -6.535, 6.99],
			"to": [10.135, -5.515, 9.01],
			"rotation": {"angle": -22.5, "axis": "z", "origin": [10.125, -6.025, 8]},
			"faces": {
				"north": {"uv": [6.25, 1.25, 6.75, 1.5], "texture": "#2"},
				"east": {"uv": [4.5, 6.5, 5, 6.75], "texture": "#2"},
				"south": {"uv": [5, 6.5, 5.5, 6.75], "texture": "#2"},
				"west": {"uv": [6.5, 6.5, 7, 6.75], "texture": "#2"},
				"up": {"uv": [6.5, 3.5, 6, 3], "texture": "#2"},
				"down": {"uv": [6.5, 3.5, 6, 4], "texture": "#2"}
			}
		},
		{
			"from": [5.715, -6.535, 6.99],
			"to": [7.735, -5.515, 9.01],
			"rotation": {"angle": 22.5, "axis": "z", "origin": [5.725, -6.025, 8]},
			"faces": {
				"north": {"uv": [6.75, 1.25, 6.25, 1.5], "texture": "#2"},
				"east": {"uv": [7, 6.5, 6.5, 6.75], "texture": "#2"},
				"south": {"uv": [5.5, 6.5, 5, 6.75], "texture": "#2"},
				"west": {"uv": [5, 6.5, 4.5, 6.75], "texture": "#2"},
				"up": {"uv": [6, 3.5, 6.5, 3], "texture": "#2"},
				"down": {"uv": [6, 3.5, 6.5, 4], "texture": "#2"}
			}
		},
		{
			"from": [5.99, -15.01, 6.99],
			"to": [10.01, -10.99, 9.01],
			"rotation": {"angle": -45, "axis": "z", "origin": [8, -13, 8]},
			"faces": {
				"north": {"uv": [2, 3, 3, 4], "rotation": 90, "texture": "#2"},
				"east": {"uv": [4.75, 5, 5.25, 6], "texture": "#2"},
				"south": {"uv": [2, 3, 3, 4], "texture": "#2"},
				"west": {"uv": [5, 0.5, 5.5, 1.5], "texture": "#2"},
				"up": {"uv": [6, 3.5, 5, 3], "texture": "#2"},
				"down": {"uv": [3, 5.25, 2, 5.75], "texture": "#2"}
			}
		},
		{
			"from": [6.72501, 1.42252, 6.97],
			"to": [7.78501, 3.48252, 9.03],
			"rotation": {"angle": 22.5, "axis": "z", "origin": [8.03022, 2.17868, 8]},
			"faces": {
				"north": {"uv": [6.75, 1.25, 6.25, 1.5], "rotation": 270, "texture": "#2"},
				"east": {"uv": [6, 3.5, 6.5, 3], "rotation": 90, "texture": "#2"},
				"south": {"uv": [5.5, 6.5, 5, 6.75], "rotation": 90, "texture": "#2"},
				"west": {"uv": [6, 3.5, 6.5, 4], "rotation": 90, "texture": "#2"},
				"up": {"uv": [5, 6.5, 4.5, 6.75], "rotation": 90, "texture": "#2"},
				"down": {"uv": [7, 6.5, 6.5, 6.75], "rotation": 90, "texture": "#2"}
			}
		},
		{
			"from": [6.98, -6.02, 6.98],
			"to": [10.02, -2.98, 9.02],
			"rotation": {"angle": -45, "axis": "z", "origin": [8, -4, 8]},
			"faces": {
				"north": {"uv": [3.25, 4.75, 4, 5.5], "rotation": 90, "texture": "#2"},
				"east": {"uv": [5.5, 3.5, 6, 4.25], "texture": "#2"},
				"south": {"uv": [3.25, 4.75, 4, 5.5], "texture": "#2"},
				"west": {"uv": [2, 5.75, 2.5, 6.5], "texture": "#2"},
				"up": {"uv": [4.5, 6.25, 3.75, 5.75], "texture": "#2"},
				"down": {"uv": [6, 5.75, 5.25, 6.25], "texture": "#2"}
			}
		},
		{
			"from": [8.615, -5.11, 7.49],
			"to": [10.635, -3.09, 8.51],
			"rotation": {"angle": -45, "axis": "z", "origin": [8.625, -4.1, 8.5]},
			"faces": {
				"north": {"uv": [3, 6, 3.5, 6.5], "texture": "#2"},
				"east": {"uv": [3, 6.5, 3.25, 7], "texture": "#2"},
				"south": {"uv": [4.5, 6, 5, 6.5], "texture": "#2"},
				"west": {"uv": [3.25, 6.5, 3.5, 7], "texture": "#2"},
				"up": {"uv": [4, 1, 3.5, 0.75], "texture": "#2"},
				"down": {"uv": [5.5, 3.5, 5, 3.75], "texture": "#2"}
			}
		},
		{
			"from": [5.215, -5.11, 7.49],
			"to": [7.235, -3.09, 8.51],
			"rotation": {"angle": 45, "axis": "z", "origin": [7.225, -4.1, 8.5]},
			"faces": {
				"north": {"uv": [3.5, 6, 3, 6.5], "texture": "#2"},
				"east": {"uv": [3.5, 6.5, 3.25, 7], "texture": "#2"},
				"south": {"uv": [5, 6, 4.5, 6.5], "texture": "#2"},
				"west": {"uv": [3.25, 6.5, 3, 7], "texture": "#2"},
				"up": {"uv": [3.5, 1, 4, 0.75], "texture": "#2"},
				"down": {"uv": [5, 3.5, 5.5, 3.75], "texture": "#2"}
			}
		},
		{
			"from": [6.94852, 1.22048, 8.47],
			"to": [9.00852, 3.28048, 9.53],
			"rotation": {"angle": -45, "axis": "z", "origin": [8.03022, 2.17868, 9]},
			"faces": {
				"north": {"uv": [3.5, 6, 3, 6.5], "texture": "#2"},
				"east": {"uv": [3.5, 6.5, 3.25, 7], "texture": "#2"},
				"south": {"uv": [5, 6, 4.5, 6.5], "texture": "#2"},
				"west": {"uv": [3.25, 6.5, 3, 7], "texture": "#2"},
				"up": {"uv": [3.5, 1, 4, 0.75], "texture": "#2"},
				"down": {"uv": [5, 3.5, 5.5, 3.75], "texture": "#2"}
			}
		},
		{
			"from": [5.98, -12.02, 6.48],
			"to": [10.02, -10.98, 9.52],
			"rotation": {"angle": -45, "axis": "z", "origin": [8, -13, 8]},
			"faces": {
				"north": {"uv": [5.75, 2.5, 6.75, 2.75], "texture": "#2"},
				"east": {"uv": [6, 0.25, 6.75, 0.5], "texture": "#2"},
				"south": {"uv": [5.75, 2.75, 6.75, 3], "texture": "#2"},
				"west": {"uv": [6, 4, 6.75, 4.25], "texture": "#2"},
				"up": {"uv": [4.25, 4.75, 3.25, 4], "texture": "#2"},
				"down": {"uv": [5, 0.75, 4, 1.5], "texture": "#2"}
			}
		},
		{
			"from": [5.98, -14.02, 6.48],
			"to": [7.02, -11.98, 9.52],
			"rotation": {"angle": -45, "axis": "z", "origin": [8, -13, 8]},
			"faces": {
				"north": {"uv": [6.25, 4.25, 6.5, 4.75], "texture": "#2"},
				"east": {"uv": [5.25, 4.75, 6, 5.25], "texture": "#2"},
				"south": {"uv": [6.25, 5.25, 6.5, 5.75], "texture": "#2"},
				"west": {"uv": [3, 5.5, 3.75, 6], "texture": "#2"},
				"up": {"uv": [6, 7, 5.75, 6.25], "texture": "#2"},
				"down": {"uv": [6.25, 6.25, 6, 7], "texture": "#2"}
			}
		},
		{
			"from": [8.98, -14.02, 6.48],
			"to": [10.02, -11.98, 9.52],
			"rotation": {"angle": -45, "axis": "z", "origin": [8, -13, 8]},
			"faces": {
				"north": {"uv": [2, 6.5, 2.25, 7], "texture": "#2"},
				"east": {"uv": [5.5, 0.5, 6.25, 1], "texture": "#2"},
				"south": {"uv": [2.25, 6.5, 2.5, 7], "texture": "#2"},
				"west": {"uv": [5.5, 1, 6.25, 1.5], "texture": "#2"},
				"up": {"uv": [6.5, 7, 6.25, 6.25], "texture": "#2"},
				"down": {"uv": [6.5, 0.5, 6.25, 1.25], "texture": "#2"}
			}
		},
		{
			"from": [5.98, -15.02, 6.48],
			"to": [10.02, -13.98, 9.52],
			"rotation": {"angle": -45, "axis": "z", "origin": [8, -13, 8]},
			"faces": {
				"north": {"uv": [6, 6, 7, 6.25], "texture": "#2"},
				"east": {"uv": [6, 5.75, 6.75, 6], "texture": "#2"},
				"south": {"uv": [6, 0, 7, 0.25], "texture": "#2"},
				"west": {"uv": [5, 6.25, 5.75, 6.5], "texture": "#2"},
				"up": {"uv": [5, 3.75, 4, 3], "texture": "#2"},
				"down": {"uv": [5.25, 4.25, 4.25, 5], "texture": "#2"}
			}
		}
	],
	"display": {
		"thirdperson_righthand": {
			"rotation": [8, -91, 8],
			"translation": [0, 5.5, 2],
			"scale": [0.6, 0.6, 0.6]
		},
		"thirdperson_lefthand": {
			"rotation": [8, -91, 8],
			"translation": [0, 5.5, 2],
			"scale": [0.6, 0.6, 0.6]
		},
		"firstperson_righthand": {
			"rotation": [0, -90, -6],
			"translation": [-1.5, 3.75, 3.13],
			"scale": [0.25, 0.25, 0.25]
		},
		"firstperson_lefthand": {
			"rotation": [0, -90, -6],
			"translation": [-1.5, 3.75, 3.13],
			"scale": [0.25, 0.25, 0.25]
		},
		"ground": {
			"rotation": [-45, 0, 0],
			"translation": [0, 2.25, 0],
			"scale": [0.3, 0.3, 0.3]
		},
		"gui": {
			"rotation": [0, 0, -45],
			"translation": [-1, -1, 0],
			"scale": [0.35, 0.35, 0.35]
		},
		"fixed": {
			"rotation": [0, 0, 44],
			"translation": [1, -1, -0.75],
			"scale": [0.4, 0.4, 0.4]
		}
	}
}