{
	"gui_light": "front",
	"texture_size": [64, 64],
	"textures": {
		"2": "minehub:handheld/epic/epic_shovel",
		"particle": "minehub:handheld/epic/epic_shovel"
	},
	"elements": [
		{
			"from": [7, -12, 7],
			"to": [9, 21, 9],
			"rotation": {"angle": 0, "axis": "y", "origin": [8, -4, 8]},
			"faces": {
				"north": {"uv": [0, 0, 0.5, 8.25], "texture": "#2"},
				"east": {"uv": [7.25, 0, 7.75, 8.25], "texture": "#2"},
				"south": {"uv": [0, 0, 0.5, 8.25], "texture": "#2"},
				"west": {"uv": [7.25, 0, 7.75, 8.25], "texture": "#2"},
				"up": {"uv": [1, 0.5, 0.5, 0], "texture": "#2"},
				"down": {"uv": [3, 5.75, 2.5, 6.25], "texture": "#2"}
			}
		},
		{
			"from": [8.125, -4.13185, 7],
			"to": [10.125, -3.13185, 9],
			"rotation": {"angle": 22.5, "axis": "z", "origin": [10.125, -3.63185, 8]},
			"faces": {
				"north": {"uv": [6.5, 0.5, 7, 0.75], "texture": "#2"},
				"east": {"uv": [6.5, 0.75, 7, 1], "texture": "#2"},
				"south": {"uv": [6.5, 1, 7, 1.25], "texture": "#2"},
				"west": {"uv": [6.5, 1.5, 7, 1.75], "texture": "#2"},
				"up": {"uv": [6.5, 5.25, 6, 4.75], "texture": "#2"},
				"down": {"uv": [3, 6.25, 2.5, 6.75], "texture": "#2"}
			}
		},
		{
			"from": [5.725, -4.13185, 7],
			"to": [7.725, -3.13185, 9],
			"rotation": {"angle": -22.5, "axis": "z", "origin": [5.725, -3.63185, 8]},
			"faces": {
				"north": {"uv": [7, 0.5, 6.5, 0.75], "texture": "#2"},
				"east": {"uv": [7, 1.5, 6.5, 1.75], "texture": "#2"},
				"south": {"uv": [7, 1, 6.5, 1.25], "texture": "#2"},
				"west": {"uv": [7, 0.75, 6.5, 1], "texture": "#2"},
				"up": {"uv": [6, 5.25, 6.5, 4.75], "texture": "#2"},
				"down": {"uv": [2.5, 6.25, 3, 6.75], "texture": "#2"}
			}
		},
		{
			"from": [8.2623, 1.41708, 6.97],
			"to": [9.3223, 3.47708, 9.03],
			"rotation": {"angle": -22.5, "axis": "z", "origin": [8.03022, 2.17868, 8]},
			"faces": {
				"north": {"uv": [7, 0.5, 6.5, 0.75], "rotation": 270, "texture": "#2"},
				"east": {"uv": [6, 5.25, 6.5, 4.75], "rotation": 90, "texture": "#2"},
				"south": {"uv": [7, 1, 6.5, 1.25], "rotation": 90, "texture": "#2"},
				"west": {"uv": [2.5, 6.25, 3, 6.75], "rotation": 90, "texture": "#2"},
				"up": {"uv": [7, 0.75, 6.5, 1], "rotation": 90, "texture": "#2"},
				"down": {"uv": [7, 1.5, 6.5, 1.75], "rotation": 90, "texture": "#2"}
			}
		},
		{
			"from": [8.115, -6.535, 6.99],
			"to": [10.135, -5.515, 9.01],
			"rotation": {"angle": -22.5, "axis": "z", "origin": [10.125, -6.025, 8]},
			"faces": {
				"north": {"uv": [6.25, 1.25, 6.75, 1.5], "texture": "#2"},
				"east": {"uv": [4.5, 6.5, 5, 6.75], "texture": "#2"},
				"south": {"uv": [5, 6.5, 5.5, 6.75], "texture": "#2"},
				"west": {"uv": [6.5, 6.5, 7, 6.75], "texture": "#2"},
				"up": {"uv": [6.5, 3.5, 6, 3], "texture": "#2"},
				"down": {"uv": [6.5, 3.5, 6, 4], "texture": "#2"}
			}
		},
		{
			"from": [5.715, -6.535, 6.99],
			"to": [7.735, -5.515, 9.01],
			"rotation": {"angle": 22.5, "axis": "z", "origin": [5.725, -6.025, 8]},
			"faces": {
				"north": {"uv": [6.75, 1.25, 6.25, 1.5], "texture": "#2"},
				"east": {"uv": [7, 6.5, 6.5, 6.75], "texture": "#2"},
				"south": {"uv": [5.5, 6.5, 5, 6.75], "texture": "#2"},
				"west": {"uv": [5, 6.5, 4.5, 6.75], "texture": "#2"},
				"up": {"uv": [6, 3.5, 6.5, 3], "texture": "#2"},
				"down": {"uv": [6, 3.5, 6.5, 4], "texture": "#2"}
			}
		},
		{
			"from": [6.72501, 1.42252, 6.97],
			"to": [7.78501, 3.48252, 9.03],
			"rotation": {"angle": 22.5, "axis": "z", "origin": [8.03022, 2.17868, 8]},
			"faces": {
				"north": {"uv": [6.75, 1.25, 6.25, 1.5], "rotation": 270, "texture": "#2"},
				"east": {"uv": [6, 3.5, 6.5, 3], "rotation": 90, "texture": "#2"},
				"south": {"uv": [5.5, 6.5, 5, 6.75], "rotation": 90, "texture": "#2"},
				"west": {"uv": [6, 3.5, 6.5, 4], "rotation": 90, "texture": "#2"},
				"up": {"uv": [5, 6.5, 4.5, 6.75], "rotation": 90, "texture": "#2"},
				"down": {"uv": [7, 6.5, 6.5, 6.75], "rotation": 90, "texture": "#2"}
			}
		},
		{
			"from": [5.99, -15.01, 6.99],
			"to": [10.01, -10.99, 9.01],
			"rotation": {"angle": -45, "axis": "z", "origin": [8, -13, 8]},
			"faces": {
				"north": {"uv": [2, 3, 3, 4], "rotation": 90, "texture": "#2"},
				"east": {"uv": [4.75, 5, 5.25, 6], "texture": "#2"},
				"south": {"uv": [2, 3, 3, 4], "texture": "#2"},
				"west": {"uv": [5, 0.5, 5.5, 1.5], "texture": "#2"},
				"up": {"uv": [6, 3.5, 5, 3], "texture": "#2"},
				"down": {"uv": [3, 5.25, 2, 5.75], "texture": "#2"}
			}
		},
		{
			"from": [5.9895, 14.9895, 6.9895],
			"to": [10.0105, 19.0105, 9.0105],
			"rotation": {"angle": -45, "axis": "z", "origin": [8, 17, 8]},
			"faces": {
				"north": {"uv": [2, 3, 3, 4], "texture": "#2"},
				"east": {"uv": [4.75, 5, 5.25, 6], "texture": "#2"},
				"south": {"uv": [2, 3, 3, 4], "texture": "#2"},
				"west": {"uv": [5, 0.5, 5.5, 1.5], "texture": "#2"},
				"up": {"uv": [6, 3.5, 5, 3], "texture": "#2"},
				"down": {"uv": [3, 5.25, 2, 5.75], "texture": "#2"}
			}
		},
		{
			"from": [6.98, -6.02, 6.98],
			"to": [10.02, -2.98, 9.02],
			"rotation": {"angle": -45, "axis": "z", "origin": [8, -4, 8]},
			"faces": {
				"north": {"uv": [3.25, 4.75, 4, 5.5], "rotation": 90, "texture": "#2"},
				"east": {"uv": [5.5, 3.5, 6, 4.25], "texture": "#2"},
				"south": {"uv": [3.25, 4.75, 4, 5.5], "texture": "#2"},
				"west": {"uv": [2, 5.75, 2.5, 6.5], "texture": "#2"},
				"up": {"uv": [4.5, 6.25, 3.75, 5.75], "texture": "#2"},
				"down": {"uv": [6, 5.75, 5.25, 6.25], "texture": "#2"}
			}
		},
		{
			"from": [8.615, -5.11, 7.49],
			"to": [10.635, -3.09, 8.51],
			"rotation": {"angle": -45, "axis": "z", "origin": [8.625, -4.1, 8.5]},
			"faces": {
				"north": {"uv": [3, 6, 3.5, 6.5], "texture": "#2"},
				"east": {"uv": [3, 6.5, 3.25, 7], "texture": "#2"},
				"south": {"uv": [4.5, 6, 5, 6.5], "texture": "#2"},
				"west": {"uv": [3.25, 6.5, 3.5, 7], "texture": "#2"},
				"up": {"uv": [4, 1, 3.5, 0.75], "texture": "#2"},
				"down": {"uv": [5.5, 3.5, 5, 3.75], "texture": "#2"}
			}
		},
		{
			"from": [5.215, -5.11, 7.49],
			"to": [7.235, -3.09, 8.51],
			"rotation": {"angle": 45, "axis": "z", "origin": [7.225, -4.1, 8.5]},
			"faces": {
				"north": {"uv": [3.5, 6, 3, 6.5], "texture": "#2"},
				"east": {"uv": [3.5, 6.5, 3.25, 7], "texture": "#2"},
				"south": {"uv": [5, 6, 4.5, 6.5], "texture": "#2"},
				"west": {"uv": [3.25, 6.5, 3, 7], "texture": "#2"},
				"up": {"uv": [3.5, 1, 4, 0.75], "texture": "#2"},
				"down": {"uv": [5, 3.5, 5.5, 3.75], "texture": "#2"}
			}
		},
		{
			"from": [6.94852, 1.22048, 8.47],
			"to": [9.00852, 3.28048, 9.53],
			"rotation": {"angle": -45, "axis": "z", "origin": [8.03022, 2.17868, 9]},
			"faces": {
				"north": {"uv": [3.5, 6, 3, 6.5], "texture": "#2"},
				"east": {"uv": [3.5, 6.5, 3.25, 7], "texture": "#2"},
				"south": {"uv": [5, 6, 4.5, 6.5], "texture": "#2"},
				"west": {"uv": [3.25, 6.5, 3, 7], "texture": "#2"},
				"up": {"uv": [3.5, 1, 4, 0.75], "texture": "#2"},
				"down": {"uv": [5, 3.5, 5.5, 3.75], "texture": "#2"}
			}
		},
		{
			"from": [5.98, -12.02, 6.48],
			"to": [10.02, -10.98, 9.52],
			"rotation": {"angle": -45, "axis": "z", "origin": [8, -13, 8]},
			"faces": {
				"north": {"uv": [5.75, 2.5, 6.75, 2.75], "texture": "#2"},
				"east": {"uv": [6, 0.25, 6.75, 0.5], "texture": "#2"},
				"south": {"uv": [5.75, 2.75, 6.75, 3], "texture": "#2"},
				"west": {"uv": [6, 4, 6.75, 4.25], "texture": "#2"},
				"up": {"uv": [4.25, 4.75, 3.25, 4], "texture": "#2"},
				"down": {"uv": [5, 0.75, 4, 1.5], "texture": "#2"}
			}
		},
		{
			"from": [5.98, 17.98, 6.48],
			"to": [10.02, 19.02, 9.52],
			"rotation": {"angle": -45, "axis": "z", "origin": [8, 17, 8]},
			"faces": {
				"north": {"uv": [5.75, 2.5, 6.75, 2.75], "texture": "#2"},
				"east": {"uv": [6, 0.25, 6.75, 0.5], "texture": "#2"},
				"south": {"uv": [5.75, 2.75, 6.75, 3], "texture": "#2"},
				"west": {"uv": [6, 4, 6.75, 4.25], "texture": "#2"},
				"up": {"uv": [4.25, 4.75, 3.25, 4], "texture": "#2"},
				"down": {"uv": [5, 0.75, 4, 1.5], "texture": "#2"}
			}
		},
		{
			"from": [5.98, -14.02, 6.48],
			"to": [7.02, -11.98, 9.52],
			"rotation": {"angle": -45, "axis": "z", "origin": [8, -13, 8]},
			"faces": {
				"north": {"uv": [6.25, 4.25, 6.5, 4.75], "texture": "#2"},
				"east": {"uv": [5.25, 4.75, 6, 5.25], "texture": "#2"},
				"south": {"uv": [6.25, 5.25, 6.5, 5.75], "texture": "#2"},
				"west": {"uv": [3, 5.5, 3.75, 6], "texture": "#2"},
				"up": {"uv": [6, 7, 5.75, 6.25], "texture": "#2"},
				"down": {"uv": [6.25, 6.25, 6, 7], "texture": "#2"}
			}
		},
		{
			"from": [5.98, 15.98, 6.48],
			"to": [7.02, 18.02, 9.52],
			"rotation": {"angle": -45, "axis": "z", "origin": [8, 17, 8]},
			"faces": {
				"north": {"uv": [6.25, 4.25, 6.5, 4.75], "texture": "#2"},
				"east": {"uv": [5.25, 4.75, 6, 5.25], "texture": "#2"},
				"south": {"uv": [6.25, 5.25, 6.5, 5.75], "texture": "#2"},
				"west": {"uv": [3, 5.5, 3.75, 6], "texture": "#2"},
				"up": {"uv": [6, 7, 5.75, 6.25], "texture": "#2"},
				"down": {"uv": [6.25, 6.25, 6, 7], "texture": "#2"}
			}
		},
		{
			"from": [8.98, -14.02, 6.48],
			"to": [10.02, -11.98, 9.52],
			"rotation": {"angle": -45, "axis": "z", "origin": [8, -13, 8]},
			"faces": {
				"north": {"uv": [2, 6.5, 2.25, 7], "texture": "#2"},
				"east": {"uv": [5.5, 0.5, 6.25, 1], "texture": "#2"},
				"south": {"uv": [2.25, 6.5, 2.5, 7], "texture": "#2"},
				"west": {"uv": [5.5, 1, 6.25, 1.5], "texture": "#2"},
				"up": {"uv": [6.5, 7, 6.25, 6.25], "texture": "#2"},
				"down": {"uv": [6.5, 0.5, 6.25, 1.25], "texture": "#2"}
			}
		},
		{
			"from": [8.98, 15.98, 6.48],
			"to": [10.02, 18.02, 9.52],
			"rotation": {"angle": -45, "axis": "z", "origin": [8, 17, 8]},
			"faces": {
				"north": {"uv": [2, 6.5, 2.25, 7], "texture": "#2"},
				"east": {"uv": [5.5, 0.5, 6.25, 1], "texture": "#2"},
				"south": {"uv": [2.25, 6.5, 2.5, 7], "texture": "#2"},
				"west": {"uv": [5.5, 1, 6.25, 1.5], "texture": "#2"},
				"up": {"uv": [6.5, 7, 6.25, 6.25], "texture": "#2"},
				"down": {"uv": [6.5, 0.5, 6.25, 1.25], "texture": "#2"}
			}
		},
		{
			"from": [5.98, -15.02, 6.48],
			"to": [10.02, -13.98, 9.52],
			"rotation": {"angle": -45, "axis": "z", "origin": [8, -13, 8]},
			"faces": {
				"north": {"uv": [6, 6, 7, 6.25], "texture": "#2"},
				"east": {"uv": [6, 5.75, 6.75, 6], "texture": "#2"},
				"south": {"uv": [6, 0, 7, 0.25], "texture": "#2"},
				"west": {"uv": [5, 6.25, 5.75, 6.5], "texture": "#2"},
				"up": {"uv": [5, 3.75, 4, 3], "texture": "#2"},
				"down": {"uv": [5.25, 4.25, 4.25, 5], "texture": "#2"}
			}
		},
		{
			"from": [5.98, 14.98, 6.48],
			"to": [10.02, 16.02, 9.52],
			"rotation": {"angle": -45, "axis": "z", "origin": [8, 17, 8]},
			"faces": {
				"north": {"uv": [6, 6, 7, 6.25], "texture": "#2"},
				"east": {"uv": [6, 5.75, 6.75, 6], "texture": "#2"},
				"south": {"uv": [6, 0, 7, 0.25], "texture": "#2"},
				"west": {"uv": [5, 6.25, 5.75, 6.5], "texture": "#2"},
				"up": {"uv": [5, 3.75, 4, 3], "texture": "#2"},
				"down": {"uv": [5.25, 4.25, 4.25, 5], "texture": "#2"}
			}
		},
		{
			"from": [2, 18, 7.5],
			"to": [14, 23, 8.5],
			"rotation": {"angle": 0, "axis": "y", "origin": [21, 27, 15.5]},
			"faces": {
				"north": {"uv": [8.24975, 0, 11.24975, 1.24975], "texture": "#2"},
				"east": {"uv": [11.74975, 0, 11.99925, 1.24975], "texture": "#2"},
				"south": {"uv": [8.24975, 0, 11.24975, 1.24975], "texture": "#2"},
				"west": {"uv": [11.74975, 0, 11.99925, 1.24975], "texture": "#2"},
				"up": {"uv": [8.24975, 2.24975, 11.24975, 2.4995], "texture": "#2"},
				"down": {"uv": [8.24975, 1.74975, 11.24975, 1.9995], "texture": "#2"}
			}
		},
		{
			"from": [2, 23, 8],
			"to": [14, 32, 8],
			"rotation": {"angle": 0, "axis": "y", "origin": [21, 32, 15]},
			"faces": {
				"north": {"uv": [12.24975, 0, 15.2495, 2.2495], "texture": "#2"},
				"east": {"uv": [0, 0, 0, 2.25], "texture": "#2"},
				"south": {"uv": [12.24975, 0, 15.2495, 2.2495], "texture": "#2"},
				"west": {"uv": [0, 0, 0, 2.25], "texture": "#2"},
				"up": {"uv": [0, 0, 3, 0], "texture": "#2"},
				"down": {"uv": [0, 0, 3, 0], "texture": "#2"}
			}
		}
	],
	"display": {
		"thirdperson_righthand": {
			"rotation": [8, -91, 12],
			"translation": [0, 4.5, 1.5],
			"scale": [0.5, 0.5, 0.5]
		},
		"thirdperson_lefthand": {
			"rotation": [8, -91, 12],
			"translation": [0, 4.5, 1.5],
			"scale": [0.5, 0.5, 0.5]
		},
		"firstperson_righthand": {
			"rotation": [-21, -67, 0],
			"translation": [0.5, 0, 0],
			"scale": [0.7, 0.7, 0.7]
		},
		"firstperson_lefthand": {
			"rotation": [-21, -67, 0],
			"translation": [0.5, 0, 0],
			"scale": [0.7, 0.7, 0.7]
		},
		"ground": {
			"rotation": [-60, 0, 0],
			"translation": [0, 0.75, 0],
			"scale": [0.3, 0.3, 0.3]
		},
		"gui": {
			"rotation": [0, 0, -45],
			"translation": [-0.5, -0.5, 0],
			"scale": [0.4, 0.4, 0.4]
		},
		"fixed": {
			"rotation": [0, 0, 45],
			"translation": [-0.5, -0.5, -0.5],
			"scale": [0.4, 0.4, 0.4]
		}
	}
}