{
	"gui_light": "front",
	"texture_size": [64, 64],
	"textures": {
		"2": "minehub:handheld/seasonal/summer_pickaxe",
		"3": "minehub:handheld/seasonal/texture",
		"particle": "minehub:handheld/seasonal/summer_pickaxe"
	},
	"elements": [
		{
			"from": [6.5, 1.5, 4],
			"to": [8, 4, 5.5],
			"rotation": {"angle": 0, "axis": "y", "origin": [10.5, 5.5, 8]},
			"faces": {
				"north": {"uv": [8.5, 11, 9.25, 12.25], "texture": "#2"},
				"east": {"uv": [9.25, 11, 10, 12.25], "texture": "#2"},
				"south": {"uv": [11, 2, 11.75, 3.25], "texture": "#2"},
				"west": {"uv": [0, 11.25, 0.75, 12.5], "texture": "#2"},
				"up": {"uv": [6, 12.5, 5.25, 11.75], "texture": "#2"},
				"down": {"uv": [12.5, 2.5, 11.75, 3.25], "texture": "#2"}
			}
		},
		{
			"from": [6, 2.5, 3.5],
			"to": [8.5, 3.5, 6],
			"rotation": {"angle": 0, "axis": "y", "origin": [10.5, 6.5, 8]},
			"faces": {
				"north": {"uv": [10, 11.75, 11.25, 12.25], "texture": "#2"},
				"east": {"uv": [10, 11.75, 11.25, 12.25], "texture": "#2"},
				"south": {"uv": [10, 11.75, 11.25, 12.25], "texture": "#2"},
				"west": {"uv": [10, 11.75, 11.25, 12.25], "texture": "#2"},
				"up": {"uv": [7.5, 10.25, 6.25, 9], "texture": "#2"},
				"down": {"uv": [8.75, 9, 7.5, 10.25], "texture": "#2"}
			}
		},
		{
			"from": [5, 3, 2.5],
			"to": [9.5, 3, 7],
			"rotation": {"angle": 0, "axis": "y", "origin": [10.5, 7, 8]},
			"faces": {
				"north": {"uv": [0, 0, 0, 0], "texture": "#2"},
				"east": {"uv": [0, 0, 0, 0], "texture": "#2"},
				"south": {"uv": [0, 0, 0, 0], "texture": "#2"},
				"west": {"uv": [0, 0, 0, 0], "texture": "#2"},
				"up": {"uv": [8, 4.5, 5.75, 2.25], "texture": "#2"},
				"down": {"uv": [5.75, 4.5, 8, 2.25], "texture": "#2"}
			}
		},
		{
			"from": [6, 4, 3.5],
			"to": [8.5, 6.5, 6],
			"rotation": {"angle": 0, "axis": "y", "origin": [10.5, 8, 8]},
			"faces": {
				"north": {"uv": [9.75, 2, 11, 3.25], "texture": "#2"},
				"east": {"uv": [8.75, 9.75, 10, 11], "texture": "#2"},
				"south": {"uv": [9.75, 2, 11, 3.25], "texture": "#2"},
				"west": {"uv": [10, 10, 11.25, 11.25], "texture": "#2"},
				"up": {"uv": [11.25, 4.5, 10, 3.25], "texture": "#2"},
				"down": {"uv": [7.5, 10.25, 6.25, 11.5], "texture": "#2"}
			}
		},
		{
			"from": [2.49, 3.99, 3.74],
			"to": [6.01, 6.51, 5.76],
			"rotation": {"angle": 0, "axis": "y", "origin": [8, 8, 8.25]},
			"faces": {
				"north": {"uv": [10, 3.5, 8.25, 4.75], "texture": "#2"},
				"east": {"uv": [1.25, 9.25, 2.25, 10.5], "texture": "#2"},
				"south": {"uv": [8.25, 3.5, 10, 4.75], "texture": "#2"},
				"west": {"uv": [4.25, 9.75, 5.25, 11], "texture": "#2"},
				"up": {"uv": [10.5, 6.75, 8.75, 5.75], "texture": "#2"},
				"down": {"uv": [10.5, 6.75, 8.75, 7.75], "texture": "#2"}
			}
		},
		{
			"from": [-1, 4, 5.025],
			"to": [3, 5.5, 6.525],
			"rotation": {"angle": 22.5, "axis": "y", "origin": [1, 4.75, 5.775]},
			"faces": {
				"north": {"uv": [12.25, 4.5, 10.25, 5.25], "texture": "#2"},
				"east": {"uv": [8.5, 12.25, 9.25, 13], "texture": "#2"},
				"south": {"uv": [10.25, 4.5, 12.25, 5.25], "texture": "#2"},
				"west": {"uv": [9.25, 12.25, 10, 13], "texture": "#2"},
				"up": {"uv": [10.25, 4.5, 12.25, 5.25], "texture": "#2"},
				"down": {"uv": [10.25, 4.5, 12.25, 5.25], "texture": "#2"}
			}
		},
		{
			"from": [-1, 4, 3.475],
			"to": [3, 5.5, 4.975],
			"rotation": {"angle": -22.5, "axis": "y", "origin": [1, 4.75, 4.225]},
			"faces": {
				"north": {"uv": [12.25, 4.5, 10.25, 5.25], "texture": "#2"},
				"east": {"uv": [9.25, 12.25, 8.5, 13], "texture": "#2"},
				"south": {"uv": [10.25, 4.5, 12.25, 5.25], "texture": "#2"},
				"west": {"uv": [10, 12.25, 9.25, 13], "texture": "#2"},
				"up": {"uv": [10.25, 5.25, 12.25, 4.5], "texture": "#2"},
				"down": {"uv": [10.25, 5.25, 12.25, 4.5], "texture": "#2"}
			}
		},
		{
			"from": [-2.5, 4.25, 5.275],
			"to": [-1, 5.25, 6.275],
			"rotation": {"angle": 22.5, "axis": "y", "origin": [1, 4.75, 5.775]},
			"faces": {
				"north": {"uv": [13.25, 7.5, 12.5, 8], "texture": "#2"},
				"east": {"uv": [12.75, 3, 13.25, 3.5], "texture": "#2"},
				"south": {"uv": [12.5, 7.5, 13.25, 8], "texture": "#2"},
				"west": {"uv": [12.75, 3.5, 13.25, 4], "texture": "#2"},
				"up": {"uv": [13.25, 8.5, 12.5, 8], "texture": "#2"},
				"down": {"uv": [13.25, 8.5, 12.5, 9], "texture": "#2"}
			}
		},
		{
			"from": [-2.5, 4.25, 3.725],
			"to": [-1, 5.25, 4.725],
			"rotation": {"angle": -22.5, "axis": "y", "origin": [1, 4.75, 4.225]},
			"faces": {
				"north": {"uv": [13.25, 7.5, 12.5, 8], "texture": "#2"},
				"east": {"uv": [13.25, 3, 12.75, 3.5], "texture": "#2"},
				"south": {"uv": [12.5, 7.5, 13.25, 8], "texture": "#2"},
				"west": {"uv": [13.25, 3.5, 12.75, 4], "texture": "#2"},
				"up": {"uv": [13.25, 8, 12.5, 8.5], "texture": "#2"},
				"down": {"uv": [13.25, 9, 12.5, 8.5], "texture": "#2"}
			}
		},
		{
			"from": [-1.09567, 5.375, 3.75653],
			"to": [2.90433, 7.375, 5.75653],
			"rotation": {"angle": -22.5, "axis": "z", "origin": [0.90433, 6.375, 4.75653]},
			"faces": {
				"north": {"uv": [8.75, 8.75, 10.75, 9.75], "rotation": 180, "texture": "#2"},
				"east": {"uv": [10.75, 9, 11.75, 10], "texture": "#2"},
				"south": {"uv": [8.75, 8.75, 10.75, 9.75], "texture": "#2"},
				"west": {"uv": [4.25, 11, 5.25, 12], "texture": "#2"},
				"up": {"uv": [10.75, 1, 8.75, 0], "texture": "#2"},
				"down": {"uv": [8.75, 8.75, 10.75, 9.75], "texture": "#2"}
			}
		},
		{
			"from": [-3.59567, 5.875, 4.25653],
			"to": [-1.09567, 6.875, 5.25653],
			"rotation": {"angle": -22.5, "axis": "z", "origin": [0.90433, 6.375, 4.75653]},
			"faces": {
				"north": {"uv": [11.75, 0.5, 13, 1], "texture": "#2"},
				"east": {"uv": [12, 12.75, 12.5, 13.25], "texture": "#2"},
				"south": {"uv": [11.75, 1, 13, 1.5], "texture": "#2"},
				"west": {"uv": [12.5, 12.75, 13, 13.25], "texture": "#2"},
				"up": {"uv": [13, 2, 11.75, 1.5], "texture": "#2"},
				"down": {"uv": [13, 2, 11.75, 2.5], "texture": "#2"}
			}
		},
		{
			"from": [0.90433, 7.875, 4.25653],
			"to": [3.90433, 8.875, 5.25653],
			"rotation": {"angle": -45, "axis": "z", "origin": [1.40433, 6.375, 4.75653]},
			"faces": {
				"north": {"uv": [11.25, 3.25, 12.75, 3.75], "rotation": 180, "texture": "#2"},
				"east": {"uv": [12.75, 4, 13.25, 4.5], "texture": "#2"},
				"south": {"uv": [11.25, 3.25, 12.75, 3.75], "texture": "#2"},
				"west": {"uv": [12.75, 4.5, 13.25, 5], "texture": "#2"},
				"up": {"uv": [12.75, 4.25, 11.25, 3.75], "texture": "#2"},
				"down": {"uv": [12.75, 10, 11.25, 10.5], "texture": "#2"}
			}
		},
		{
			"from": [4.45433, 4.525, 4.38153],
			"to": [5.45433, 6.525, 5.38153],
			"rotation": {"angle": 22.5, "axis": "z", "origin": [2.95433, 7.025, 4.88153]},
			"faces": {
				"north": {"uv": [12.25, 4.25, 12.75, 5.25], "texture": "#2"},
				"east": {"uv": [11, 12.25, 11.5, 13.25], "texture": "#2"},
				"south": {"uv": [12.25, 4.25, 12.75, 5.25], "texture": "#2"},
				"west": {"uv": [0, 12.5, 0.5, 13.5], "texture": "#2"},
				"up": {"uv": [5.25, 13.5, 4.75, 13], "texture": "#2"},
				"down": {"uv": [5.75, 13, 5.25, 13.5], "texture": "#2"}
			}
		},
		{
			"from": [9.40433, 1.375, 4.13153],
			"to": [10.40433, 4.375, 5.13153],
			"rotation": {"angle": 0, "axis": "z", "origin": [11.90433, 1.875, 4.63153]},
			"faces": {
				"north": {"uv": [6.75, 11.5, 7.25, 13], "texture": "#2"},
				"east": {"uv": [6.75, 11.5, 7.25, 13], "texture": "#2"},
				"south": {"uv": [6.75, 11.5, 7.25, 13], "texture": "#2"},
				"west": {"uv": [6.75, 11.5, 7.25, 13], "texture": "#2"},
				"up": {"uv": [6.75, 11.5, 7.25, 13], "texture": "#2"},
				"down": {"uv": [1.9995, 14.4995, 2.24925, 14.749], "texture": "#2"}
			}
		},
		{
			"from": [10.90433, 2.375, 4.13153],
			"to": [11.90433, 3.875, 5.13153],
			"rotation": {"angle": 0, "axis": "z", "origin": [13.40433, 1.375, 4.63153]},
			"faces": {
				"north": {"uv": [0.5, 12.75, 1, 13.5], "texture": "#2"},
				"east": {"uv": [0.5, 12.75, 1, 13.5], "texture": "#2"},
				"south": {"uv": [0.5, 12.75, 1, 13.5], "texture": "#2"},
				"west": {"uv": [0.5, 12.75, 1, 13.5], "texture": "#2"},
				"up": {"uv": [0.5, 12.75, 1, 13.5], "texture": "#2"},
				"down": {"uv": [4.49975, 10.49975, 4.74875, 10.74875], "texture": "#2"}
			}
		},
		{
			"from": [-0.59567, 8.125, 4.50653],
			"to": [0.90433, 8.625, 5.00653],
			"rotation": {"angle": -45, "axis": "z", "origin": [1.40433, 6.375, 4.50653]},
			"faces": {
				"north": {"uv": [12.5, 5.75, 13.25, 6], "texture": "#2"},
				"east": {"uv": [9.5, 2, 9.75, 2.25], "texture": "#2"},
				"south": {"uv": [12.75, 5, 13.5, 5.25], "texture": "#2"},
				"west": {"uv": [9.75, 3.25, 10, 3.5], "texture": "#2"},
				"up": {"uv": [13.5, 10.5, 12.75, 10.25], "texture": "#2"},
				"down": {"uv": [13.5, 12.5, 12.75, 12.75], "texture": "#2"}
			}
		},
		{
			"from": [4.70433, 6.525, 4.63153],
			"to": [5.20433, 7.525, 5.13153],
			"rotation": {"angle": 22.5, "axis": "z", "origin": [2.95433, 7.025, 4.63153]},
			"faces": {
				"north": {"uv": [10.25, 5.25, 10.5, 5.75], "texture": "#2"},
				"east": {"uv": [11.25, 11.75, 11.5, 12.25], "texture": "#2"},
				"south": {"uv": [5, 12, 5.25, 12.5], "texture": "#2"},
				"west": {"uv": [6.75, 13, 7, 13.5], "texture": "#2"},
				"up": {"uv": [12.25, 4.5, 12, 4.25], "texture": "#2"},
				"down": {"uv": [0.75, 12.5, 0.5, 12.75], "texture": "#2"}
			}
		},
		{
			"from": [9.65433, -0.125, 4.38153],
			"to": [10.15433, 1.375, 4.88153],
			"rotation": {"angle": 0, "axis": "z", "origin": [11.90433, 1.875, 4.63153]},
			"faces": {
				"north": {"uv": [2, 10.5, 2.25, 11.25], "texture": "#2"},
				"east": {"uv": [2, 10.5, 2.25, 11.25], "texture": "#2"},
				"south": {"uv": [2, 10.5, 2.25, 11.25], "texture": "#2"},
				"west": {"uv": [2, 10.5, 2.25, 11.25], "texture": "#2"},
				"up": {"uv": [2, 10.5, 2.25, 11.25], "texture": "#2"},
				"down": {"uv": [4.75, 10.25, 4.87475, 10.37475], "texture": "#2"}
			}
		},
		{
			"from": [11.15433, 0.875, 4.38153],
			"to": [11.65433, 2.375, 4.88153],
			"rotation": {"angle": 0, "axis": "z", "origin": [13.40433, 1.375, 4.63153]},
			"faces": {
				"north": {"uv": [6.25, 13, 6.5, 13.75], "texture": "#2"},
				"east": {"uv": [6.25, 13, 6.5, 13.75], "texture": "#2"},
				"south": {"uv": [6.25, 13, 6.5, 13.75], "texture": "#2"},
				"west": {"uv": [6.25, 13, 6.5, 13.75], "texture": "#2"},
				"up": {"uv": [6.25, 13, 6.5, 13.75], "texture": "#2"},
				"down": {"uv": [4.75, 9.99975, 4.87475, 10.1245], "texture": "#2"}
			}
		},
		{
			"from": [6.125, 7, 3.5],
			"to": [8.125, 9, 5.5],
			"rotation": {"angle": -45, "axis": "y", "origin": [7, 9, 4.75]},
			"faces": {
				"north": {"uv": [5.25, 10.75, 6.25, 11.75], "rotation": 270, "texture": "#2"},
				"east": {"uv": [5.25, 10.75, 6.25, 11.75], "texture": "#2"},
				"south": {"uv": [5.25, 10.75, 6.25, 11.75], "rotation": 270, "texture": "#2"},
				"west": {"uv": [5.25, 10.75, 6.25, 11.75], "texture": "#2"},
				"up": {"uv": [5.25, 10.75, 6.25, 11.75], "texture": "#2"},
				"down": {"uv": [0.24975, 14.24975, 1.2495, 15.2495], "texture": "#2"}
			}
		},
		{
			"from": [6.275, 5.5, 7.55],
			"to": [8.275, 7.5, 7.55],
			"rotation": {"angle": 22.5, "axis": "x", "origin": [7, 9, 4.75]},
			"faces": {
				"north": {"uv": [15, 15, 16, 16], "texture": "#3"},
				"east": {"uv": [5.25, 10.75, 6.25, 11.75], "texture": "#3"},
				"south": {"uv": [15, 15, 16, 16], "texture": "#3"},
				"west": {"uv": [5.25, 10.75, 6.25, 11.75], "texture": "#3"},
				"up": {"uv": [5.25, 10.75, 6.25, 11.75], "texture": "#3"},
				"down": {"uv": [15, 15, 15.99975, 15.99975], "texture": "#3"}
			}
		},
		{
			"from": [6.275, -11, 7.05],
			"to": [8.275, -9, 7.05],
			"rotation": {"angle": 22.5, "axis": "x", "origin": [7, -7.5, 4.75]},
			"faces": {
				"north": {"uv": [15, 15, 16, 16], "texture": "#3"},
				"east": {"uv": [5.25, 10.75, 6.25, 11.75], "texture": "#3"},
				"south": {"uv": [15, 15, 16, 16], "texture": "#3"},
				"west": {"uv": [5.25, 10.75, 6.25, 11.75], "texture": "#3"},
				"up": {"uv": [5.25, 10.75, 6.25, 11.75], "texture": "#3"},
				"down": {"uv": [15, 15, 15.99975, 15.99975], "texture": "#3"}
			}
		},
		{
			"from": [6.275, 7.9, 2.425],
			"to": [8.275, 9.9, 2.425],
			"rotation": {"angle": -22.5, "axis": "x", "origin": [7, 9, 11.25]},
			"faces": {
				"north": {"uv": [16, 15, 15, 16], "texture": "#3"},
				"east": {"uv": [6.25, 10.75, 5.25, 11.75], "texture": "#3"},
				"south": {"uv": [16, 15, 15, 16], "texture": "#3"},
				"west": {"uv": [6.25, 10.75, 5.25, 11.75], "texture": "#3"},
				"up": {"uv": [5.25, 11.75, 6.25, 10.75], "texture": "#3"},
				"down": {"uv": [15, 15.99975, 15.99975, 15], "texture": "#3"}
			}
		},
		{
			"from": [6.275, -8.6, 2.925],
			"to": [8.275, -6.6, 2.925],
			"rotation": {"angle": -22.5, "axis": "x", "origin": [7, -7.5, 11.25]},
			"faces": {
				"north": {"uv": [16, 15, 15, 16], "texture": "#3"},
				"east": {"uv": [6.25, 10.75, 5.25, 11.75], "texture": "#3"},
				"south": {"uv": [16, 15, 15, 16], "texture": "#3"},
				"west": {"uv": [6.25, 10.75, 5.25, 11.75], "texture": "#3"},
				"up": {"uv": [5.25, 11.75, 6.25, 10.75], "texture": "#3"},
				"down": {"uv": [15, 15.99975, 15.99975, 15], "texture": "#3"}
			}
		},
		{
			"from": [10, 4.5, 4.125],
			"to": [15, 6.5, 5.125],
			"rotation": {"angle": 0, "axis": "y", "origin": [10.5, 8, 7.625]},
			"faces": {
				"north": {"uv": [8.75, 8, 6.25, 9], "texture": "#2"},
				"east": {"uv": [5.25, 7, 5.75, 8], "texture": "#2"},
				"south": {"uv": [6.25, 8, 8.75, 9], "texture": "#2"},
				"west": {"uv": [10, 12.25, 10.5, 13.25], "texture": "#2"},
				"up": {"uv": [13, 6.5, 10.5, 6], "texture": "#2"},
				"down": {"uv": [13, 6.5, 10.5, 7], "texture": "#2"}
			}
		},
		{
			"from": [8.5, 0.5, 4.6875],
			"to": [20, 7.5, 4.6875],
			"rotation": {"angle": 0, "axis": "y", "origin": [10.5, 8, 7.6875]},
			"faces": {
				"north": {"uv": [0, 0, 0, 0], "texture": "#2"},
				"east": {"uv": [0, 0, 0, 0], "texture": "#2"},
				"south": {"uv": [0, 3.5, 5.75, 7], "texture": "#2"},
				"west": {"uv": [0, 0, 0, 0], "texture": "#2"},
				"up": {"uv": [0, 0, 0, 0], "texture": "#2"},
				"down": {"uv": [0, 0, 0, 0], "texture": "#2"}
			}
		},
		{
			"from": [8.5, 0.5, 4.5625],
			"to": [20, 7.5, 4.5625],
			"rotation": {"angle": 0, "axis": "y", "origin": [10.5, 8, 7.5625]},
			"faces": {
				"north": {"uv": [5.75, 3.5, 0, 7], "texture": "#2"},
				"east": {"uv": [0, 0, 0, 0], "texture": "#2"},
				"south": {"uv": [0, 0, 0, 0], "texture": "#2"},
				"west": {"uv": [0, 0, 0, 0], "texture": "#2"},
				"up": {"uv": [0, 0, 0, 0], "texture": "#2"},
				"down": {"uv": [0, 0, 0, 0], "texture": "#2"}
			}
		},
		{
			"from": [8.625, 4, 5.75],
			"to": [9.625, 7, 6.75],
			"rotation": {"angle": -45, "axis": "y", "origin": [9.125, 5.25, 5.5]},
			"faces": {
				"north": {"uv": [0.75, 11.25, 1.25, 12.75], "texture": "#2"},
				"east": {"uv": [1.25, 11.25, 1.75, 12.75], "texture": "#2"},
				"south": {"uv": [1.75, 11.25, 2.25, 12.75], "texture": "#2"},
				"west": {"uv": [7.5, 11.25, 8, 12.75], "texture": "#2"},
				"up": {"uv": [7.75, 13.25, 7.25, 12.75], "texture": "#2"},
				"down": {"uv": [8.25, 12.75, 7.75, 13.25], "texture": "#2"}
			}
		},
		{
			"from": [8.625, 4, 2.55],
			"to": [9.625, 7, 3.55],
			"rotation": {"angle": 45, "axis": "y", "origin": [9.125, 5.25, 3.8]},
			"faces": {
				"north": {"uv": [2.25, 11.25, 1.75, 12.75], "texture": "#2"},
				"east": {"uv": [1.75, 11.25, 1.25, 12.75], "texture": "#2"},
				"south": {"uv": [1.25, 11.25, 0.75, 12.75], "texture": "#2"},
				"west": {"uv": [8, 11.25, 7.5, 12.75], "texture": "#2"},
				"up": {"uv": [7.75, 12.75, 7.25, 13.25], "texture": "#2"},
				"down": {"uv": [8.25, 13.25, 7.75, 12.75], "texture": "#2"}
			}
		},
		{
			"from": [4.925, 4, 5.75],
			"to": [5.925, 7, 6.75],
			"rotation": {"angle": 45, "axis": "y", "origin": [5.425, 5.25, 5.5]},
			"faces": {
				"north": {"uv": [1.25, 11.25, 0.75, 12.75], "texture": "#2"},
				"east": {"uv": [8, 11.25, 7.5, 12.75], "texture": "#2"},
				"south": {"uv": [2.25, 11.25, 1.75, 12.75], "texture": "#2"},
				"west": {"uv": [1.75, 11.25, 1.25, 12.75], "texture": "#2"},
				"up": {"uv": [7.25, 13.25, 7.75, 12.75], "texture": "#2"},
				"down": {"uv": [7.75, 12.75, 8.25, 13.25], "texture": "#2"}
			}
		},
		{
			"from": [4.925, 4, 2.55],
			"to": [5.925, 7, 3.55],
			"rotation": {"angle": -45, "axis": "y", "origin": [5.425, 5.25, 3.8]},
			"faces": {
				"north": {"uv": [1.75, 11.25, 2.25, 12.75], "texture": "#2"},
				"east": {"uv": [7.5, 11.25, 8, 12.75], "texture": "#2"},
				"south": {"uv": [0.75, 11.25, 1.25, 12.75], "texture": "#2"},
				"west": {"uv": [1.25, 11.25, 1.75, 12.75], "texture": "#2"},
				"up": {"uv": [7.25, 12.75, 7.75, 13.25], "texture": "#2"},
				"down": {"uv": [7.75, 13.25, 8.25, 12.75], "texture": "#2"}
			}
		},
		{
			"from": [9.125, 4, 6.25],
			"to": [11.125, 9.5, 6.25],
			"rotation": {"angle": -45, "axis": "y", "origin": [9.125, 5.25, 5.5]},
			"faces": {
				"north": {"uv": [6.25, 8, 5.25, 10.75], "texture": "#2"},
				"east": {"uv": [0, 0, 0, 0], "texture": "#2"},
				"south": {"uv": [5.25, 8, 6.25, 10.75], "texture": "#2"},
				"west": {"uv": [0, 0, 0, 0], "texture": "#2"},
				"up": {"uv": [0, 0, 0, 0], "texture": "#2"},
				"down": {"uv": [0, 0, 0, 0], "texture": "#2"}
			}
		},
		{
			"from": [9.125, 4, 3.05],
			"to": [11.125, 9.5, 3.05],
			"rotation": {"angle": 45, "axis": "y", "origin": [9.125, 5.25, 3.8]},
			"faces": {
				"north": {"uv": [6.25, 8, 5.25, 10.75], "texture": "#2"},
				"east": {"uv": [0, 0, 0, 0], "texture": "#2"},
				"south": {"uv": [5.25, 8, 6.25, 10.75], "texture": "#2"},
				"west": {"uv": [0, 0, 0, 0], "texture": "#2"},
				"up": {"uv": [0, 0, 0, 0], "texture": "#2"},
				"down": {"uv": [0, 0, 0, 0], "texture": "#2"}
			}
		},
		{
			"from": [3.425, 4, 6.25],
			"to": [5.425, 9.5, 6.25],
			"rotation": {"angle": 45, "axis": "y", "origin": [5.425, 5.25, 5.5]},
			"faces": {
				"north": {"uv": [5.25, 8, 6.25, 10.75], "texture": "#2"},
				"east": {"uv": [0, 0, 0, 0], "texture": "#2"},
				"south": {"uv": [6.25, 8, 5.25, 10.75], "texture": "#2"},
				"west": {"uv": [0, 0, 0, 0], "texture": "#2"},
				"up": {"uv": [0, 0, 0, 0], "texture": "#2"},
				"down": {"uv": [0, 0, 0, 0], "texture": "#2"}
			}
		},
		{
			"from": [3.425, 4, 3.05],
			"to": [5.425, 9.5, 3.05],
			"rotation": {"angle": -45, "axis": "y", "origin": [5.425, 5.25, 3.8]},
			"faces": {
				"north": {"uv": [5.25, 8, 6.25, 10.75], "texture": "#2"},
				"east": {"uv": [0, 0, 0, 0], "texture": "#2"},
				"south": {"uv": [6.25, 8, 5.25, 10.75], "texture": "#2"},
				"west": {"uv": [0, 0, 0, 0], "texture": "#2"},
				"up": {"uv": [0, 0, 0, 0], "texture": "#2"},
				"down": {"uv": [0, 0, 0, 0], "texture": "#2"}
			}
		},
		{
			"from": [8.875, 7, 6],
			"to": [9.375, 9.5, 6.5],
			"rotation": {"angle": -45, "axis": "y", "origin": [9.125, 5.25, 5.5]},
			"faces": {
				"north": {"uv": [7.25, 11.5, 7.5, 12.75], "texture": "#2"},
				"east": {"uv": [1.5, 12.75, 1.75, 14], "texture": "#2"},
				"south": {"uv": [1.75, 12.75, 2, 14], "texture": "#2"},
				"west": {"uv": [2, 12.75, 2.25, 14], "texture": "#2"},
				"up": {"uv": [8.25, 4.5, 8, 4.25], "texture": "#2"},
				"down": {"uv": [8.25, 5.5, 8, 5.75], "texture": "#2"}
			}
		},
		{
			"from": [8.875, 7, 2.8],
			"to": [9.375, 9.5, 3.3],
			"rotation": {"angle": 45, "axis": "y", "origin": [9.125, 5.25, 3.8]},
			"faces": {
				"north": {"uv": [2, 12.75, 1.75, 14], "texture": "#2"},
				"east": {"uv": [1.75, 12.75, 1.5, 14], "texture": "#2"},
				"south": {"uv": [7.5, 11.5, 7.25, 12.75], "texture": "#2"},
				"west": {"uv": [2.25, 12.75, 2, 14], "texture": "#2"},
				"up": {"uv": [8.25, 4.25, 8, 4.5], "texture": "#2"},
				"down": {"uv": [8.25, 5.75, 8, 5.5], "texture": "#2"}
			}
		},
		{
			"from": [5.175, 7, 6],
			"to": [5.675, 9.5, 6.5],
			"rotation": {"angle": 45, "axis": "y", "origin": [5.425, 5.25, 5.5]},
			"faces": {
				"north": {"uv": [7.5, 11.5, 7.25, 12.75], "texture": "#2"},
				"east": {"uv": [2.25, 12.75, 2, 14], "texture": "#2"},
				"south": {"uv": [2, 12.75, 1.75, 14], "texture": "#2"},
				"west": {"uv": [1.75, 12.75, 1.5, 14], "texture": "#2"},
				"up": {"uv": [8, 4.5, 8.25, 4.25], "texture": "#2"},
				"down": {"uv": [8, 5.5, 8.25, 5.75], "texture": "#2"}
			}
		},
		{
			"from": [5.175, 7, 2.8],
			"to": [5.675, 9.5, 3.3],
			"rotation": {"angle": -45, "axis": "y", "origin": [5.425, 5.25, 3.8]},
			"faces": {
				"north": {"uv": [1.75, 12.75, 2, 14], "texture": "#2"},
				"east": {"uv": [2, 12.75, 2.25, 14], "texture": "#2"},
				"south": {"uv": [7.25, 11.5, 7.5, 12.75], "texture": "#2"},
				"west": {"uv": [1.5, 12.75, 1.75, 14], "texture": "#2"},
				"up": {"uv": [8, 4.25, 8.25, 4.5], "texture": "#2"},
				"down": {"uv": [8, 5.75, 8.25, 5.5], "texture": "#2"}
			}
		},
		{
			"from": [6.5, -12, 4],
			"to": [8, -11, 5.5],
			"rotation": {"angle": 0, "axis": "y", "origin": [10.5, -8, 8]},
			"faces": {
				"north": {"uv": [12, 11.5, 12.75, 12], "texture": "#2"},
				"east": {"uv": [5, 12.5, 5.75, 13], "texture": "#2"},
				"south": {"uv": [12.5, 2.5, 13.25, 3], "texture": "#2"},
				"west": {"uv": [12.5, 5.25, 13.25, 5.75], "texture": "#2"},
				"up": {"uv": [12.5, 9.25, 11.75, 8.5], "texture": "#2"},
				"down": {"uv": [12.5, 9.25, 11.75, 10], "texture": "#2"}
			}
		},
		{
			"from": [6.5, -10.55, 4],
			"to": [8, -10, 5.5],
			"rotation": {"angle": 0, "axis": "y", "origin": [10.5, -6.5, 8]},
			"faces": {
				"north": {"uv": [8.75, 8.5, 9.5, 8.75], "texture": "#2"},
				"east": {"uv": [9.5, 8.5, 10.25, 8.75], "texture": "#2"},
				"south": {"uv": [10, 9.75, 10.75, 10], "texture": "#2"},
				"west": {"uv": [11.25, 4.25, 12, 4.5], "texture": "#2"},
				"up": {"uv": [5, 12.75, 4.25, 12], "texture": "#2"},
				"down": {"uv": [12.75, 12, 12, 12.75], "texture": "#2"}
			}
		},
		{
			"from": [6.5, 0.45, 4],
			"to": [8, 1, 5.5],
			"rotation": {"angle": 0, "axis": "y", "origin": [10.5, 4.5, 8]},
			"faces": {
				"north": {"uv": [5.75, 5.5, 6.5, 5.75], "texture": "#2"},
				"east": {"uv": [6.5, 5.5, 7.25, 5.75], "texture": "#2"},
				"south": {"uv": [7.25, 5.5, 8, 5.75], "texture": "#2"},
				"west": {"uv": [8.75, 2, 9.5, 2.25], "texture": "#2"},
				"up": {"uv": [12.5, 7.75, 11.75, 7], "texture": "#2"},
				"down": {"uv": [12.5, 7.75, 11.75, 8.5], "texture": "#2"}
			}
		},
		{
			"from": [6.75, -11, 4.25],
			"to": [7.75, 1.5, 5.25],
			"rotation": {"angle": 0, "axis": "y", "origin": [10.75, -7, 8.25]},
			"faces": {
				"north": {"uv": [2.75, 7, 3.25, 13.25], "texture": "#2"},
				"east": {"uv": [2.75, 7, 3.25, 13.25], "texture": "#2"},
				"south": {"uv": [2.75, 7, 3.25, 13.25], "texture": "#2"},
				"west": {"uv": [2.75, 7, 3.25, 13.25], "texture": "#2"},
				"up": {"uv": [2.75, 7, 3.25, 13.25], "texture": "#2"},
				"down": {"uv": [2.75, 7, 3.25, 13.25], "texture": "#2"}
			}
		}
	],
	"display": {
		"thirdperson_righthand": {
			"rotation": [0, 90, 0],
			"translation": [3.25, 13, 0.25]
		},
		"thirdperson_lefthand": {
			"rotation": [0, -90, 0],
			"translation": [-3.25, 13, 1.25]
		},
		"firstperson_righthand": {
			"rotation": [-18, 105, 6],
			"translation": [4.75, 12, -4.25]
		},
		"firstperson_lefthand": {
			"rotation": [-18, 105, 6],
			"translation": [4.75, 12, -4.25]
		},
		"ground": {
			"translation": [0, 16.75, 2]
		},
		"gui": {
			"rotation": [0, 0, -38],
			"translation": [2.75, 3.5, 0],
			"scale": [0.75, 0.75, 0.75]
		},
		"fixed": {
			"rotation": [0, 0, 44],
			"translation": [-4.25, 6, 0]
		}
	}
}