{
	"gui_light": "front",
	"texture_size": [128, 128],
	"textures": {
		"2": "minehub:handheld/seasonal/summer_sword",
		"3": "minehub:handheld/seasonal/texture",
		"particle": "minehub:handheld/seasonal/summer_sword"
	},
	"elements": [
		{
			"from": [5, -8, 4],
			"to": [6.5, -6.5, 5.5],
			"rotation": {"angle": 0, "axis": "y", "origin": [10, -4, 8]},
			"faces": {
				"north": {"uv": [1.75, 1.25, 2.125, 1.625], "texture": "#2"},
				"east": {"uv": [1.75, 1.25, 2.125, 1.625], "rotation": 270, "texture": "#2"},
				"south": {"uv": [1.75, 1.25, 2.125, 1.625], "texture": "#2"},
				"west": {"uv": [1.75, 1.25, 2.125, 1.625], "rotation": 270, "texture": "#2"},
				"up": {"uv": [1.75, 1.25, 2.125, 1.625], "rotation": 270, "texture": "#2"},
				"down": {"uv": [1.75, 1.25, 2.125, 1.625], "rotation": 270, "texture": "#2"}
			}
		},
		{
			"from": [5, 8, 4],
			"to": [6.5, 9.5, 5.5],
			"rotation": {"angle": -45, "axis": "z", "origin": [5.75, 8.75, 4.75]},
			"faces": {
				"north": {"uv": [1.75, 1.25, 2.125, 1.625], "texture": "#2"},
				"east": {"uv": [1.75, 1.25, 2.125, 1.625], "rotation": 270, "texture": "#2"},
				"south": {"uv": [1.75, 1.25, 2.125, 1.625], "texture": "#2"},
				"west": {"uv": [1.75, 1.25, 2.125, 1.625], "rotation": 270, "texture": "#2"},
				"up": {"uv": [1.75, 1.25, 2.125, 1.625], "rotation": 270, "texture": "#2"},
				"down": {"uv": [1.75, 1.25, 2.125, 1.625], "rotation": 270, "texture": "#2"}
			}
		},
		{
			"from": [5, 16, 4],
			"to": [6.5, 17.5, 5.5],
			"rotation": {"angle": -45, "axis": "z", "origin": [5.75, 16.75, 4.75]},
			"faces": {
				"north": {"uv": [1.75, 1.25, 2.125, 1.625], "texture": "#2"},
				"east": {"uv": [1.75, 1.25, 2.125, 1.625], "rotation": 270, "texture": "#2"},
				"south": {"uv": [1.75, 1.25, 2.125, 1.625], "texture": "#2"},
				"west": {"uv": [1.75, 1.25, 2.125, 1.625], "rotation": 270, "texture": "#2"},
				"up": {"uv": [1.75, 1.25, 2.125, 1.625], "rotation": 270, "texture": "#2"},
				"down": {"uv": [1.75, 1.25, 2.125, 1.625], "rotation": 270, "texture": "#2"}
			}
		},
		{
			"from": [5, 22, 4],
			"to": [6.5, 23.5, 5.5],
			"rotation": {"angle": -45, "axis": "z", "origin": [5.75, 22.75, 4.75]},
			"faces": {
				"north": {"uv": [1.75, 1.25, 2.125, 1.625], "texture": "#2"},
				"east": {"uv": [1.75, 1.25, 2.125, 1.625], "rotation": 270, "texture": "#2"},
				"south": {"uv": [1.75, 1.25, 2.125, 1.625], "texture": "#2"},
				"west": {"uv": [1.75, 1.25, 2.125, 1.625], "rotation": 270, "texture": "#2"},
				"up": {"uv": [1.75, 1.25, 2.125, 1.625], "rotation": 270, "texture": "#2"},
				"down": {"uv": [1.75, 1.25, 2.125, 1.625], "rotation": 270, "texture": "#2"}
			}
		},
		{
			"from": [-1.15, 0.4, 4],
			"to": [0.35, 1.9, 5.5],
			"rotation": {"angle": 45, "axis": "z", "origin": [-0.4, 1.15, 4.75]},
			"faces": {
				"north": {"uv": [1.75, 1.25, 2.125, 1.625], "rotation": 270, "texture": "#2"},
				"east": {"uv": [1.75, 1.25, 2.125, 1.625], "texture": "#2"},
				"south": {"uv": [1.75, 1.25, 2.125, 1.625], "rotation": 90, "texture": "#2"},
				"west": {"uv": [1.75, 1.25, 2.125, 1.625], "texture": "#2"},
				"up": {"uv": [1.75, 1.25, 2.125, 1.625], "texture": "#2"},
				"down": {"uv": [1.75, 1.25, 2.125, 1.625], "texture": "#2"}
			}
		},
		{
			"from": [1.25, 5.4, 4],
			"to": [2.75, 6.9, 5.5],
			"rotation": {"angle": 45, "axis": "z", "origin": [2, 6.15, 4.75]},
			"faces": {
				"north": {"uv": [1.75, 1.25, 2.125, 1.625], "rotation": 270, "texture": "#2"},
				"east": {"uv": [1.75, 1.25, 2.125, 1.625], "texture": "#2"},
				"south": {"uv": [1.75, 1.25, 2.125, 1.625], "rotation": 90, "texture": "#2"},
				"west": {"uv": [1.75, 1.25, 2.125, 1.625], "texture": "#2"},
				"up": {"uv": [1.75, 1.25, 2.125, 1.625], "texture": "#2"},
				"down": {"uv": [1.75, 1.25, 2.125, 1.625], "texture": "#2"}
			}
		},
		{
			"from": [11.35, 0.3, 4],
			"to": [12.85, 1.8, 5.5],
			"rotation": {"angle": -45, "axis": "z", "origin": [12.1, 1.05, 4.75]},
			"faces": {
				"north": {"uv": [1.75, 1.625, 2.125, 1.25], "rotation": 270, "texture": "#2"},
				"east": {"uv": [2.125, 1.25, 1.75, 1.625], "texture": "#2"},
				"south": {"uv": [1.75, 1.625, 2.125, 1.25], "rotation": 90, "texture": "#2"},
				"west": {"uv": [2.125, 1.25, 1.75, 1.625], "texture": "#2"},
				"up": {"uv": [2.125, 1.25, 1.75, 1.625], "texture": "#2"},
				"down": {"uv": [2.125, 1.25, 1.75, 1.625], "texture": "#2"}
			}
		},
		{
			"from": [8.85, 5.4, 4],
			"to": [10.35, 6.9, 5.5],
			"rotation": {"angle": -45, "axis": "z", "origin": [9.6, 6.15, 4.75]},
			"faces": {
				"north": {"uv": [1.75, 1.625, 2.125, 1.25], "rotation": 270, "texture": "#2"},
				"east": {"uv": [2.125, 1.25, 1.75, 1.625], "texture": "#2"},
				"south": {"uv": [1.75, 1.625, 2.125, 1.25], "rotation": 90, "texture": "#2"},
				"west": {"uv": [2.125, 1.25, 1.75, 1.625], "texture": "#2"},
				"up": {"uv": [2.125, 1.25, 1.75, 1.625], "texture": "#2"},
				"down": {"uv": [2.125, 1.25, 1.75, 1.625], "texture": "#2"}
			}
		},
		{
			"from": [5, -1, 4],
			"to": [6.5, -0.5, 5.5],
			"rotation": {"angle": 0, "axis": "y", "origin": [10, 3, 8]},
			"faces": {
				"north": {"uv": [5.125, 4.25, 5.5, 4.375], "texture": "#2"},
				"east": {"uv": [5.125, 4.375, 5.5, 4.5], "texture": "#2"},
				"south": {"uv": [5.125, 4.5, 5.5, 4.625], "texture": "#2"},
				"west": {"uv": [5.125, 4.75, 5.5, 4.875], "texture": "#2"},
				"up": {"uv": [5.125, 4.625, 4.75, 4.25], "texture": "#2"},
				"down": {"uv": [5.25, 0, 4.875, 0.375], "texture": "#2"}
			}
		},
		{
			"from": [5, 4.6, 4],
			"to": [6.5, 5.1, 5.5],
			"rotation": {"angle": 0, "axis": "y", "origin": [10, 8.6, 8]},
			"faces": {
				"north": {"uv": [5.125, 4.25, 5.5, 4.375], "texture": "#2"},
				"east": {"uv": [5.125, 4.375, 5.5, 4.5], "texture": "#2"},
				"south": {"uv": [5.125, 4.5, 5.5, 4.625], "texture": "#2"},
				"west": {"uv": [5.125, 4.75, 5.5, 4.875], "texture": "#2"},
				"up": {"uv": [5.125, 4.625, 4.75, 4.25], "texture": "#2"},
				"down": {"uv": [5.25, 0, 4.875, 0.375], "texture": "#2"}
			}
		},
		{
			"from": [5, 7, 4],
			"to": [6.5, 7.5, 5.5],
			"rotation": {"angle": 0, "axis": "y", "origin": [10, 11, 8]},
			"faces": {
				"north": {"uv": [5.125, 4.25, 5.5, 4.375], "texture": "#2"},
				"east": {"uv": [5.125, 4.375, 5.5, 4.5], "texture": "#2"},
				"south": {"uv": [5.125, 4.5, 5.5, 4.625], "texture": "#2"},
				"west": {"uv": [5.125, 4.75, 5.5, 4.875], "texture": "#2"},
				"up": {"uv": [5.125, 4.625, 4.75, 4.25], "texture": "#2"},
				"down": {"uv": [5.25, 0, 4.875, 0.375], "texture": "#2"}
			}
		},
		{
			"from": [5, 9.8, 4],
			"to": [6.5, 10.3, 5.5],
			"rotation": {"angle": 0, "axis": "y", "origin": [10, 13.8, 8]},
			"faces": {
				"north": {"uv": [5.125, 4.25, 5.5, 4.375], "texture": "#2"},
				"east": {"uv": [5.125, 4.375, 5.5, 4.5], "texture": "#2"},
				"south": {"uv": [5.125, 4.5, 5.5, 4.625], "texture": "#2"},
				"west": {"uv": [5.125, 4.75, 5.5, 4.875], "texture": "#2"},
				"up": {"uv": [5.125, 4.625, 4.75, 4.25], "texture": "#2"},
				"down": {"uv": [5.25, 0, 4.875, 0.375], "texture": "#2"}
			}
		},
		{
			"from": [5, -6, 4],
			"to": [6.5, -5.5, 5.5],
			"rotation": {"angle": 0, "axis": "y", "origin": [10, -2, 8]},
			"faces": {
				"north": {"uv": [5.125, 4.25, 5.5, 4.375], "texture": "#2"},
				"east": {"uv": [5.125, 4.375, 5.5, 4.5], "texture": "#2"},
				"south": {"uv": [5.125, 4.5, 5.5, 4.625], "texture": "#2"},
				"west": {"uv": [5.125, 4.75, 5.5, 4.875], "texture": "#2"},
				"up": {"uv": [5.125, 4.625, 4.75, 4.25], "texture": "#2"},
				"down": {"uv": [5.25, 0, 4.875, 0.375], "texture": "#2"}
			}
		},
		{
			"from": [5, -5, 4],
			"to": [6.5, -4.5, 5.5],
			"rotation": {"angle": 0, "axis": "y", "origin": [10, -1, 8]},
			"faces": {
				"north": {"uv": [5.125, 4.25, 5.5, 4.375], "texture": "#2"},
				"east": {"uv": [5.125, 4.375, 5.5, 4.5], "texture": "#2"},
				"south": {"uv": [5.125, 4.5, 5.5, 4.625], "texture": "#2"},
				"west": {"uv": [5.125, 4.75, 5.5, 4.875], "texture": "#2"},
				"up": {"uv": [5.125, 4.625, 4.75, 4.25], "texture": "#2"},
				"down": {"uv": [5.25, 0, 4.875, 0.375], "texture": "#2"}
			}
		},
		{
			"from": [5.25, -6.5, 4.25],
			"to": [6.25, 7, 5.25],
			"rotation": {"angle": 0, "axis": "y", "origin": [9.75, -2.5, 8.25]},
			"faces": {
				"north": {"uv": [3.25, 3.25, 3.5, 6.625], "texture": "#2"},
				"east": {"uv": [3.5, 3.5, 3.75, 6.875], "texture": "#2"},
				"south": {"uv": [3.5, 0, 3.75, 3.375], "texture": "#2"},
				"west": {"uv": [3.75, 3.75, 4, 7.125], "texture": "#2"},
				"up": {"uv": [2.75, 2.5, 2.5, 2.25], "texture": "#2"},
				"down": {"uv": [4, 3.5, 3.75, 3.75], "texture": "#2"}
			}
		},
		{
			"from": [5.25, -6.5, 4.25],
			"to": [6.25, 7, 5.25],
			"rotation": {"angle": 0, "axis": "y", "origin": [9.75, -2.5, 8.25]},
			"faces": {
				"north": {"uv": [3.25, 3.25, 3.5, 6.625], "texture": "#2"},
				"east": {"uv": [3.5, 3.5, 3.75, 6.875], "texture": "#2"},
				"south": {"uv": [3.5, 0, 3.75, 3.375], "texture": "#2"},
				"west": {"uv": [3.75, 3.75, 4, 7.125], "texture": "#2"},
				"up": {"uv": [2.75, 2.5, 2.5, 2.25], "texture": "#2"},
				"down": {"uv": [4, 3.5, 3.75, 3.75], "texture": "#2"}
			}
		},
		{
			"from": [3.69, 27.94, 4.39],
			"to": [7.81, 30.56, 5.01],
			"rotation": {"angle": 0, "axis": "y", "origin": [11.25, 13, 8.45]},
			"faces": {
				"north": {"uv": [0.625, 0, 1.625, 0.625], "texture": "#2"},
				"east": {"uv": [0.5, 5.125, 0.625, 5.75], "texture": "#2"},
				"south": {"uv": [0.625, 0, 1.625, 0.625], "texture": "#2"},
				"west": {"uv": [5.125, 1.75, 5.25, 2.375], "texture": "#2"},
				"up": {"uv": [6, 3.875, 5, 3.75], "texture": "#2"},
				"down": {"uv": [5.75, 5.125, 4.75, 5.25], "texture": "#2"}
			}
		},
		{
			"from": [6.69, 9.94, 4.39],
			"to": [7.81, 28.06, 5.01],
			"rotation": {"angle": 0, "axis": "y", "origin": [11.25, 13, 8.45]},
			"faces": {
				"north": {"uv": [2.25, 2.25, 2.5, 6.75], "texture": "#2"},
				"east": {"uv": [4, 4, 4.125, 8.5], "texture": "#2"},
				"south": {"uv": [2.75, 2.75, 3, 7.25], "texture": "#2"},
				"west": {"uv": [4.125, 4.125, 4.25, 8.625], "texture": "#2"},
				"up": {"uv": [4.25, 4, 4, 3.875], "texture": "#2"},
				"down": {"uv": [4.75, 4.375, 4.5, 4.5], "texture": "#2"}
			}
		},
		{
			"from": [4.69, 9.94, 4.64],
			"to": [6.81, 28.06, 4.76],
			"rotation": {"angle": 0, "axis": "y", "origin": [10.25, 13, 8.7]},
			"faces": {
				"north": {"uv": [1.25, 1.25, 1.75, 5.75], "texture": "#2"},
				"east": {"uv": [0, 9.25, 0, 9.25], "texture": "#2"},
				"south": {"uv": [1.25, 1.25, 1.75, 5.75], "texture": "#2"},
				"west": {"uv": [0, 10.625, 0, 10.625], "texture": "#2"},
				"up": {"uv": [0, 9.75, 0, 9.75], "texture": "#2"},
				"down": {"uv": [0, 9.25, 0, 9.25], "texture": "#2"}
			}
		},
		{
			"from": [4.1775, 18.065, 3.39],
			"to": [7.2975, 21.185, 6.01],
			"rotation": {"angle": -45, "axis": "z", "origin": [5.9875, 19.625, 4.7]},
			"faces": {
				"north": {"uv": [2.25, 1.5, 3, 2.25], "texture": "#2"},
				"east": {"uv": [3.75, 0.75, 4.375, 1.5], "texture": "#2"},
				"south": {"uv": [2.25, 1.5, 3, 2.25], "rotation": 270, "texture": "#2"},
				"west": {"uv": [3.75, 1.5, 4.375, 2.25], "texture": "#2"},
				"up": {"uv": [4.5, 2.875, 3.75, 2.25], "texture": "#2"},
				"down": {"uv": [4.5, 2.875, 3.75, 3.5], "texture": "#2"}
			}
		},
		{
			"from": [4.6775, 19.315, 6.26],
			"to": [7.7975, 22.435, 6.26],
			"rotation": {"angle": 22.5, "axis": "x", "origin": [5.9875, 19.625, 4.7]},
			"faces": {
				"north": {"uv": [15.25, 15.25, 16, 16], "texture": "#3"},
				"east": {"uv": [4.5, 2.875, 3.75, 2.25], "rotation": 90, "texture": "#3"},
				"south": {"uv": [15.25, 15.25, 16, 16], "texture": "#3"},
				"west": {"uv": [4.5, 2.875, 3.75, 3.5], "rotation": 90, "texture": "#3"},
				"up": {"uv": [3.75, 1.5, 4.375, 2.25], "rotation": 90, "texture": "#3"},
				"down": {"uv": [3.75, 0.75, 4.375, 1.5], "rotation": 90, "texture": "#3"}
			}
		},
		{
			"from": [4.6775, 7.065, 5.26],
			"to": [7.7975, 10.185, 5.26],
			"rotation": {"angle": 22.5, "axis": "x", "origin": [5.9875, 7.375, 4.7]},
			"faces": {
				"north": {"uv": [15.25, 15.25, 16, 16], "texture": "#3"},
				"east": {"uv": [4.5, 2.875, 3.75, 2.25], "rotation": 90, "texture": "#3"},
				"south": {"uv": [15.25, 15.25, 16, 16], "texture": "#3"},
				"west": {"uv": [4.5, 2.875, 3.75, 3.5], "rotation": 90, "texture": "#3"},
				"up": {"uv": [3.75, 1.5, 4.375, 2.25], "rotation": 90, "texture": "#3"},
				"down": {"uv": [3.75, 0.75, 4.375, 1.5], "rotation": 90, "texture": "#3"}
			}
		},
		{
			"from": [4.6775, 21.815, 3.69],
			"to": [7.7975, 24.935, 3.69],
			"rotation": {"angle": -22.5, "axis": "x", "origin": [5.9875, 19.625, 11.3]},
			"faces": {
				"north": {"uv": [16, 15.25, 15.25, 16], "texture": "#3"},
				"east": {"uv": [4.5, 2.25, 3.75, 2.875], "rotation": 90, "texture": "#3"},
				"south": {"uv": [16, 15.25, 15.25, 16], "texture": "#3"},
				"west": {"uv": [4.5, 3.5, 3.75, 2.875], "rotation": 90, "texture": "#3"},
				"up": {"uv": [4.375, 1.5, 3.75, 2.25], "rotation": 90, "texture": "#3"},
				"down": {"uv": [4.375, 0.75, 3.75, 1.5], "rotation": 90, "texture": "#3"}
			}
		},
		{
			"from": [4.6775, 9.565, 4.69],
			"to": [7.7975, 12.685, 4.69],
			"rotation": {"angle": -22.5, "axis": "x", "origin": [5.9875, 7.375, 11.3]},
			"faces": {
				"north": {"uv": [16, 15.25, 15.25, 16], "texture": "#3"},
				"east": {"uv": [4.5, 2.25, 3.75, 2.875], "rotation": 90, "texture": "#3"},
				"south": {"uv": [16, 15.25, 15.25, 16], "texture": "#3"},
				"west": {"uv": [4.5, 3.5, 3.75, 2.875], "rotation": 90, "texture": "#3"},
				"up": {"uv": [4.375, 1.5, 3.75, 2.25], "rotation": 90, "texture": "#3"},
				"down": {"uv": [4.375, 0.75, 3.75, 1.5], "rotation": 90, "texture": "#3"}
			}
		},
		{
			"from": [3.69, 9.94, 4.39],
			"to": [4.81, 28.06, 5.01],
			"rotation": {"angle": 0, "axis": "y", "origin": [8.25, 13, 8.45]},
			"faces": {
				"north": {"uv": [2.75, 2.75, 3, 7.25], "texture": "#2"},
				"east": {"uv": [4.25, 4.25, 4.375, 8.75], "texture": "#2"},
				"south": {"uv": [2.25, 2.25, 2.5, 6.75], "texture": "#2"},
				"west": {"uv": [4.375, 4.375, 4.5, 8.875], "texture": "#2"},
				"up": {"uv": [5.5, 2.375, 5.25, 2.25], "texture": "#2"},
				"down": {"uv": [5.5, 3, 5.25, 3.125], "texture": "#2"}
			}
		},
		{
			"from": [1.19, 9.94, 4.64],
			"to": [3.81, 30.56, 4.64],
			"rotation": {"angle": 0, "axis": "y", "origin": [7.25, 13, 8.7]},
			"faces": {
				"north": {"uv": [0, 0, 0.625, 5.125], "texture": "#2"},
				"east": {"uv": [0, 10.875, 0, 10.875], "texture": "#2"},
				"south": {"uv": [0.625, 0, 0, 5.125], "texture": "#2"},
				"west": {"uv": [0, 11.625, 0, 11.625], "texture": "#2"},
				"up": {"uv": [0, 10.25, 0, 10.25], "texture": "#2"},
				"down": {"uv": [0, 10.125, 0, 10.125], "texture": "#2"}
			}
		},
		{
			"from": [2.89, -10.31, 4.64],
			"to": [5.51, 10.31, 4.76],
			"rotation": {"angle": 0, "axis": "y", "origin": [8.95, -7.25, 8.7]},
			"faces": {
				"north": {"uv": [0, 7.12463, 0.62475, 12.24963], "texture": "#2"},
				"east": {"uv": [0, 9.875, 0, 9.875], "texture": "#2"},
				"south": {"uv": [0.62475, 7.12463, 0, 12.24963], "texture": "#2"},
				"west": {"uv": [0, 10, 0, 10], "texture": "#2"},
				"up": {"uv": [0, 10.625, 0, 10.625], "texture": "#2"},
				"down": {"uv": [0, 9.75, 0, 9.75], "texture": "#2"}
			}
		},
		{
			"from": [5.94, -10.31, 4.64],
			"to": [8.56, 10.31, 4.76],
			"rotation": {"angle": 0, "axis": "y", "origin": [2.5, -7.25, 8.7]},
			"faces": {
				"north": {"uv": [0.62475, 7.12463, 0, 12.24963], "texture": "#2"},
				"east": {"uv": [0, 11, 0, 11], "texture": "#2"},
				"south": {"uv": [0, 7.12463, 0.62475, 12.24963], "texture": "#2"},
				"west": {"uv": [0, 10.25, 0, 10.25], "texture": "#2"},
				"up": {"uv": [0, 9.25, 0, 9.25], "texture": "#2"},
				"down": {"uv": [0, 9.5, 0, 9.5], "texture": "#2"}
			}
		},
		{
			"from": [1.19, 9.94, 4.64],
			"to": [3.81, 30.56, 4.76],
			"rotation": {"angle": 0, "axis": "y", "origin": [7.25, 13, 8.7]},
			"faces": {
				"north": {"uv": [0, 0, 0.625, 5.125], "texture": "#2"},
				"east": {"uv": [0, 0, 0, 5.125], "texture": "#2"},
				"south": {"uv": [0.625, 0.625, 1.25, 5.75], "texture": "#2"},
				"west": {"uv": [0, 0, 0, 0], "texture": "#2"},
				"up": {"uv": [0.625, 0, 0, 0], "texture": "#2"},
				"down": {"uv": [0.625, 0, 0, 0], "texture": "#2"}
			}
		},
		{
			"from": [7.79, 9.94, 4.64],
			"to": [10.41, 30.56, 4.64],
			"rotation": {"angle": 0, "axis": "y", "origin": [4.35, 13, 8.7]},
			"faces": {
				"north": {"uv": [0.625, 0, 0, 5.125], "texture": "#2"},
				"east": {"uv": [0, 10, 0, 10], "texture": "#2"},
				"south": {"uv": [0, 0, 0.625, 5.125], "texture": "#2"},
				"west": {"uv": [0, 10, 0, 10], "texture": "#2"},
				"up": {"uv": [0, 10.125, 0, 10.125], "texture": "#2"},
				"down": {"uv": [0, 10.25, 0, 10.25], "texture": "#2"}
			}
		},
		{
			"from": [4.65, 28.5, 4.45],
			"to": [7.65, 31.5, 4.95],
			"rotation": {"angle": 45, "axis": "z", "origin": [5.4, 29.75, 4.7]},
			"faces": {
				"north": {"uv": [2.25, 0, 3, 0.75], "texture": "#2"},
				"east": {"uv": [0, 5.125, 0.125, 5.875], "texture": "#2"},
				"south": {"uv": [2.25, 0, 3, 0.75], "texture": "#2"},
				"west": {"uv": [0.125, 5.125, 0.25, 5.875], "texture": "#2"},
				"up": {"uv": [5.875, 1.625, 5.125, 1.5], "texture": "#2"},
				"down": {"uv": [5.875, 1.625, 5.125, 1.75], "texture": "#2"}
			}
		},
		{
			"from": [1.835, -0.6775, 4.46],
			"to": [5.915, 0.9025, 5.04],
			"rotation": {"angle": 22.5, "axis": "z", "origin": [3.49733, -0.50806, 4.75]},
			"faces": {
				"north": {"uv": [4, 3.5, 5, 3.875], "texture": "#2"},
				"east": {"uv": [2.125, 1.25, 2.25, 1.625], "texture": "#2"},
				"south": {"uv": [5, 3.5, 4, 3.875], "texture": "#2"},
				"west": {"uv": [4.75, 5.25, 4.875, 5.625], "texture": "#2"},
				"up": {"uv": [5.5, 3.5, 4.5, 3.375], "texture": "#2"},
				"down": {"uv": [5.75, 4.625, 4.75, 4.75], "texture": "#2"}
			}
		},
		{
			"from": [5.585, -0.6775, 4.46],
			"to": [9.665, 0.9025, 5.04],
			"rotation": {"angle": -22.5, "axis": "z", "origin": [8.00267, -0.50806, 4.75]},
			"faces": {
				"north": {"uv": [5, 3.5, 4, 3.875], "texture": "#2"},
				"east": {"uv": [4.875, 5.25, 4.75, 5.625], "texture": "#2"},
				"south": {"uv": [4, 3.5, 5, 3.875], "texture": "#2"},
				"west": {"uv": [2.25, 1.25, 2.125, 1.625], "texture": "#2"},
				"up": {"uv": [4.5, 3.5, 5.5, 3.375], "texture": "#2"},
				"down": {"uv": [4.75, 4.625, 5.75, 4.75], "texture": "#2"}
			}
		},
		{
			"from": [1.68445, 1.45882, 4.48],
			"to": [5.72445, 2.99882, 5.02],
			"rotation": {"angle": -45, "axis": "z", "origin": [3.70445, 1.97882, 4.75]},
			"faces": {
				"north": {"uv": [4.375, 0.75, 5.375, 1.125], "texture": "#2"},
				"east": {"uv": [5.125, 5.25, 5.25, 5.625], "texture": "#2"},
				"south": {"uv": [5.375, 0.75, 4.375, 1.125], "texture": "#2"},
				"west": {"uv": [5.25, 5.25, 5.375, 5.625], "texture": "#2"},
				"up": {"uv": [6, 3.625, 5, 3.5], "texture": "#2"},
				"down": {"uv": [6, 3.625, 5, 3.75], "texture": "#2"}
			}
		},
		{
			"from": [5.77555, 1.45882, 4.48],
			"to": [9.81555, 2.99882, 5.02],
			"rotation": {"angle": 45, "axis": "z", "origin": [7.79555, 1.97882, 4.75]},
			"faces": {
				"north": {"uv": [5.375, 0.75, 4.375, 1.125], "texture": "#2"},
				"east": {"uv": [5.375, 5.25, 5.25, 5.625], "texture": "#2"},
				"south": {"uv": [4.375, 0.75, 5.375, 1.125], "texture": "#2"},
				"west": {"uv": [5.25, 5.25, 5.125, 5.625], "texture": "#2"},
				"up": {"uv": [5, 3.625, 6, 3.5], "texture": "#2"},
				"down": {"uv": [5, 3.625, 6, 3.75], "texture": "#2"}
			}
		},
		{
			"from": [3.25925, 6.06916, 4.48],
			"to": [5.79925, 7.60916, 5.02],
			"rotation": {"angle": -45, "axis": "z", "origin": [4.77925, 6.58916, 4.75]},
			"faces": {
				"north": {"uv": [1.625, 0, 2.25, 0.375], "texture": "#2"},
				"east": {"uv": [5.25, 0.25, 5.375, 0.625], "texture": "#2"},
				"south": {"uv": [2.25, 0, 1.625, 0.375], "texture": "#2"},
				"west": {"uv": [5.25, 1.75, 5.375, 2.125], "texture": "#2"},
				"up": {"uv": [2.25, 0.5, 1.625, 0.375], "texture": "#2"},
				"down": {"uv": [2.25, 0.5, 1.625, 0.625], "texture": "#2"}
			}
		},
		{
			"from": [5.70075, 6.06916, 4.48],
			"to": [8.24075, 7.60916, 5.02],
			"rotation": {"angle": 45, "axis": "z", "origin": [6.72075, 6.58916, 4.75]},
			"faces": {
				"north": {"uv": [2.25, 0, 1.625, 0.375], "texture": "#2"},
				"east": {"uv": [5.375, 1.75, 5.25, 2.125], "texture": "#2"},
				"south": {"uv": [1.625, 0, 2.25, 0.375], "texture": "#2"},
				"west": {"uv": [5.375, 0.25, 5.25, 0.625], "texture": "#2"},
				"up": {"uv": [1.625, 0.5, 2.25, 0.375], "texture": "#2"},
				"down": {"uv": [1.625, 0.5, 2.25, 0.625], "texture": "#2"}
			}
		},
		{
			"from": [3.9671, 6.86874, 4.49],
			"to": [4.9871, 10.38874, 5.01],
			"rotation": {"angle": -22.5, "axis": "z", "origin": [4.7271, 8.62874, 4.75]},
			"faces": {
				"north": {"uv": [4.5, 4.5, 4.75, 5.375], "texture": "#2"},
				"east": {"uv": [3.375, 0, 3.5, 0.875], "texture": "#2"},
				"south": {"uv": [4.75, 4.5, 4.5, 5.375], "texture": "#2"},
				"west": {"uv": [3.375, 0.875, 3.5, 1.75], "texture": "#2"},
				"up": {"uv": [3, 2.75, 2.75, 2.625], "texture": "#2"},
				"down": {"uv": [3.75, 3.375, 3.5, 3.5], "texture": "#2"}
			}
		},
		{
			"from": [6.5129, 6.86874, 4.49],
			"to": [7.5329, 10.38874, 5.01],
			"rotation": {"angle": 22.5, "axis": "z", "origin": [6.7729, 8.62874, 4.75]},
			"faces": {
				"north": {"uv": [4.75, 4.5, 4.5, 5.375], "texture": "#2"},
				"east": {"uv": [3.5, 0.875, 3.375, 1.75], "texture": "#2"},
				"south": {"uv": [4.5, 4.5, 4.75, 5.375], "texture": "#2"},
				"west": {"uv": [3.5, 0, 3.375, 0.875], "texture": "#2"},
				"up": {"uv": [2.75, 2.75, 3, 2.625], "texture": "#2"},
				"down": {"uv": [3.5, 3.375, 3.75, 3.5], "texture": "#2"}
			}
		},
		{
			"from": [3.19152, 3.58721, 4.48],
			"to": [4.73152, 6.62721, 5.02],
			"rotation": {"angle": -45, "axis": "z", "origin": [3.71152, 4.10721, 4.75]},
			"faces": {
				"north": {"uv": [3, 0, 3.375, 0.75], "texture": "#2"},
				"east": {"uv": [3.375, 1.75, 3.5, 2.5], "texture": "#2"},
				"south": {"uv": [3.375, 0, 3, 0.75], "texture": "#2"},
				"west": {"uv": [3.375, 2.5, 3.5, 3.25], "texture": "#2"},
				"up": {"uv": [5.625, 0.125, 5.25, 0], "texture": "#2"},
				"down": {"uv": [5.625, 0.125, 5.25, 0.25], "texture": "#2"}
			}
		},
		{
			"from": [2.45152, 0.39721, 4.49],
			"to": [5.47152, 1.91721, 5.01],
			"rotation": {"angle": 0, "axis": "z", "origin": [2.96152, 1.40721, 4.75]},
			"faces": {
				"north": {"uv": [3, 0, 3.375, 0.75], "rotation": 270, "texture": "#2"},
				"east": {"uv": [5.625, 0.125, 5.25, 0], "rotation": 90, "texture": "#2"},
				"south": {"uv": [3, 0.75, 3.375, 0], "rotation": 270, "texture": "#2"},
				"west": {"uv": [5.625, 0.125, 5.25, 0.25], "rotation": 90, "texture": "#2"},
				"up": {"uv": [3.375, 2.5, 3.5, 3.25], "rotation": 90, "texture": "#2"},
				"down": {"uv": [3.375, 1.75, 3.5, 2.5], "rotation": 90, "texture": "#2"}
			}
		},
		{
			"from": [6.12848, 0.39721, 4.49],
			"to": [9.14848, 1.91721, 5.01],
			"rotation": {"angle": 0, "axis": "z", "origin": [8.63848, 1.40721, 4.75]},
			"faces": {
				"north": {"uv": [3, 0.75, 3.375, 0], "rotation": 270, "texture": "#2"},
				"east": {"uv": [5.625, 0.25, 5.25, 0.125], "rotation": 90, "texture": "#2"},
				"south": {"uv": [3, 0, 3.375, 0.75], "rotation": 270, "texture": "#2"},
				"west": {"uv": [5.625, 0, 5.25, 0.125], "rotation": 90, "texture": "#2"},
				"up": {"uv": [3.375, 3.25, 3.5, 2.5], "rotation": 90, "texture": "#2"},
				"down": {"uv": [3.375, 2.5, 3.5, 1.75], "rotation": 90, "texture": "#2"}
			}
		},
		{
			"from": [-0.54848, 0.39721, 4.49],
			"to": [2.47152, 1.91721, 5.01],
			"rotation": {"angle": 0, "axis": "z", "origin": [-0.03848, 1.40721, 4.75]},
			"faces": {
				"north": {"uv": [3, 0, 3.375, 0.75], "rotation": 270, "texture": "#2"},
				"east": {"uv": [5.625, 0.125, 5.25, 0], "rotation": 90, "texture": "#2"},
				"south": {"uv": [3, 0.75, 3.375, 0], "rotation": 270, "texture": "#2"},
				"west": {"uv": [5.625, 0.125, 5.25, 0.25], "rotation": 90, "texture": "#2"},
				"up": {"uv": [3.375, 2.5, 3.5, 3.25], "rotation": 90, "texture": "#2"},
				"down": {"uv": [3.375, 1.75, 3.5, 2.5], "rotation": 90, "texture": "#2"}
			}
		},
		{
			"from": [9.12848, 0.39721, 4.49],
			"to": [12.14848, 1.91721, 5.01],
			"rotation": {"angle": 0, "axis": "z", "origin": [11.63848, 1.40721, 4.75]},
			"faces": {
				"north": {"uv": [3, 0.75, 3.375, 0], "rotation": 270, "texture": "#2"},
				"east": {"uv": [5.625, 0.25, 5.25, 0.125], "rotation": 90, "texture": "#2"},
				"south": {"uv": [3, 0, 3.375, 0.75], "rotation": 270, "texture": "#2"},
				"west": {"uv": [5.625, 0, 5.25, 0.125], "rotation": 90, "texture": "#2"},
				"up": {"uv": [3.375, 3.25, 3.5, 2.5], "rotation": 90, "texture": "#2"},
				"down": {"uv": [3.375, 2.5, 3.5, 1.75], "rotation": 90, "texture": "#2"}
			}
		},
		{
			"from": [6.12848, 5.39721, 4.49],
			"to": [9.14848, 6.91721, 5.01],
			"rotation": {"angle": 0, "axis": "z", "origin": [8.63848, 6.40721, 4.75]},
			"faces": {
				"north": {"uv": [3, 0.75, 3.375, 0], "rotation": 270, "texture": "#2"},
				"east": {"uv": [5.625, 0.25, 5.25, 0.125], "rotation": 90, "texture": "#2"},
				"south": {"uv": [3, 0.75, 3.375, 0], "rotation": 270, "texture": "#2"},
				"west": {"uv": [5.625, 0, 5.25, 0.125], "rotation": 90, "texture": "#2"},
				"up": {"uv": [3.375, 3.25, 3.5, 2.5], "rotation": 90, "texture": "#2"},
				"down": {"uv": [3.375, 2.5, 3.5, 1.75], "rotation": 90, "texture": "#2"}
			}
		},
		{
			"from": [2.35152, 5.39721, 4.49],
			"to": [5.37152, 6.91721, 5.01],
			"rotation": {"angle": 0, "axis": "z", "origin": [2.86152, 6.40721, 4.75]},
			"faces": {
				"north": {"uv": [3, 0, 3.375, 0.75], "rotation": 270, "texture": "#2"},
				"east": {"uv": [5.625, 0.125, 5.25, 0], "rotation": 90, "texture": "#2"},
				"south": {"uv": [3, 0.75, 3.375, 0], "rotation": 270, "texture": "#2"},
				"west": {"uv": [5.625, 0.125, 5.25, 0.25], "rotation": 90, "texture": "#2"},
				"up": {"uv": [3.375, 2.5, 3.5, 3.25], "rotation": 90, "texture": "#2"},
				"down": {"uv": [3.375, 1.75, 3.5, 2.5], "rotation": 90, "texture": "#2"}
			}
		},
		{
			"from": [6.76848, 3.58721, 4.48],
			"to": [8.30848, 6.62721, 5.02],
			"rotation": {"angle": 45, "axis": "z", "origin": [7.78848, 4.10721, 4.75]},
			"faces": {
				"north": {"uv": [3.375, 0, 3, 0.75], "texture": "#2"},
				"east": {"uv": [3.5, 2.5, 3.375, 3.25], "texture": "#2"},
				"south": {"uv": [3, 0, 3.375, 0.75], "texture": "#2"},
				"west": {"uv": [3.5, 1.75, 3.375, 2.5], "texture": "#2"},
				"up": {"uv": [5.25, 0.125, 5.625, 0], "texture": "#2"},
				"down": {"uv": [5.25, 0.125, 5.625, 0.25], "texture": "#2"}
			}
		},
		{
			"from": [2.35895, -1.99289, 4.5],
			"to": [3.85895, -0.49289, 5],
			"rotation": {"angle": 22.5, "axis": "z", "origin": [3.10895, -1.74289, 4.75]},
			"faces": {
				"north": {"uv": [4.875, 0.375, 5.25, 0.75], "texture": "#2"},
				"east": {"uv": [4.875, 5.25, 5, 5.625], "texture": "#2"},
				"south": {"uv": [5.25, 0.375, 4.875, 0.75], "texture": "#2"},
				"west": {"uv": [5, 5.25, 5.125, 5.625], "texture": "#2"},
				"up": {"uv": [5.5, 5, 5.125, 4.875], "texture": "#2"},
				"down": {"uv": [5.5, 5, 5.125, 5.125], "texture": "#2"}
			}
		},
		{
			"from": [7.64105, -1.99289, 4.5],
			"to": [9.14105, -0.49289, 5],
			"rotation": {"angle": -22.5, "axis": "z", "origin": [8.39105, -1.74289, 4.75]},
			"faces": {
				"north": {"uv": [5.25, 0.375, 4.875, 0.75], "texture": "#2"},
				"east": {"uv": [5.125, 5.25, 5, 5.625], "texture": "#2"},
				"south": {"uv": [4.875, 0.375, 5.25, 0.75], "texture": "#2"},
				"west": {"uv": [5, 5.25, 4.875, 5.625], "texture": "#2"},
				"up": {"uv": [5.125, 5, 5.5, 4.875], "texture": "#2"},
				"down": {"uv": [5.125, 5, 5.5, 5.125], "texture": "#2"}
			}
		},
		{
			"from": [2.81237, -4.02088, 4.49],
			"to": [4.33237, -1.50088, 5.01],
			"rotation": {"angle": 45, "axis": "z", "origin": [3.57237, -2.26088, 4.75]},
			"faces": {
				"north": {"uv": [3, 1.5, 3.375, 2.125], "texture": "#2"},
				"east": {"uv": [0.25, 5.125, 0.375, 5.75], "texture": "#2"},
				"south": {"uv": [3.375, 1.5, 3, 2.125], "texture": "#2"},
				"west": {"uv": [0.375, 5.125, 0.5, 5.75], "texture": "#2"},
				"up": {"uv": [5.625, 0.75, 5.25, 0.625], "texture": "#2"},
				"down": {"uv": [5.625, 2.125, 5.25, 2.25], "texture": "#2"}
			}
		},
		{
			"from": [7.16763, -4.02088, 4.49],
			"to": [8.68763, -1.50088, 5.01],
			"rotation": {"angle": -45, "axis": "z", "origin": [7.92763, -2.26088, 4.75]},
			"faces": {
				"north": {"uv": [3.375, 1.5, 3, 2.125], "texture": "#2"},
				"east": {"uv": [0.5, 5.125, 0.375, 5.75], "texture": "#2"},
				"south": {"uv": [3, 1.5, 3.375, 2.125], "texture": "#2"},
				"west": {"uv": [0.375, 5.125, 0.25, 5.75], "texture": "#2"},
				"up": {"uv": [5.25, 0.75, 5.625, 0.625], "texture": "#2"},
				"down": {"uv": [5.25, 2.125, 5.625, 2.25], "texture": "#2"}
			}
		}
	],
	"display": {
		"thirdperson_righthand": {
			"rotation": [6, -75, 10],
			"translation": [-2.5, 8.75, 3]
		},
		"thirdperson_lefthand": {
			"rotation": [6, -75, 10],
			"translation": [-4.25, 8.75, -0.5]
		},
		"firstperson_righthand": {
			"rotation": [8, 133, -11],
			"translation": [5.25, 4.25, -10]
		},
		"firstperson_lefthand": {
			"rotation": [8, 133, -11],
			"translation": [5.25, 4.25, -10]
		},
		"ground": {
			"translation": [2.5, 13, 3.5]
		},
		"gui": {
			"rotation": [0, 0, -45],
			"translation": [-0.5, -1.75, 0],
			"scale": [0.5, 0.5, 0.5]
		},
		"fixed": {
			"rotation": [0, 0, 45],
			"translation": [3, 0, 0],
			"scale": [0.75, 0.75, 0.75]
		}
	}
}