{
	"gui_light": "front",
	"texture_size": [64, 64],
	"textures": {
		"1": "minehub:handheld/seasonal/texture",
		"2": "minehub:handheld/seasonal/summer_hoe",
		"particle": "minehub:handheld/seasonal/summer_hoe"
	},
	"elements": [
		{
			"from": [14, -12, 7],
			"to": [16, 21, 9],
			"rotation": {"angle": 0, "axis": "y", "origin": [15, -4, 8]},
			"faces": {
				"north": {"uv": [0, 0, 0.5, 8.25], "texture": "#2"},
				"east": {"uv": [7.25, 0, 7.75, 8.25], "texture": "#2"},
				"south": {"uv": [0, 0, 0.5, 8.25], "texture": "#2"},
				"west": {"uv": [7.25, 0, 7.75, 8.25], "texture": "#2"},
				"up": {"uv": [1, 0.5, 0.5, 0], "texture": "#missing"},
				"down": {"uv": [3, 5.75, 2.5, 6.25], "texture": "#missing"}
			}
		},
		{
			"from": [15.5, 12.5, 7],
			"to": [24.5, 14.5, 9],
			"rotation": {"angle": -22.5, "axis": "z", "origin": [20, 13.5, 8]},
			"faces": {
				"north": {"uv": [8.24975, 2.9995, 8.74925, 5.2485], "rotation": 90, "texture": "#2"},
				"east": {"uv": [8.24975, 2.9995, 8.74925, 5.2485], "rotation": 270, "texture": "#2"},
				"south": {"uv": [8.24975, 2.9995, 8.74925, 5.2485], "rotation": 270, "texture": "#2"},
				"west": {"uv": [8.24975, 2.9995, 8.74925, 3.499], "rotation": 90, "texture": "#2"},
				"up": {"uv": [8.24975, 2.9995, 8.74925, 5.2485], "rotation": 270, "texture": "#2"},
				"down": {"uv": [8.24975, 2.9995, 8.74925, 5.2485], "rotation": 270, "texture": "#2"}
			}
		},
		{
			"from": [14, 21, 7],
			"to": [16, 30, 9],
			"rotation": {"angle": 0, "axis": "y", "origin": [15, -4, 8]},
			"faces": {
				"north": {"uv": [8.24975, 2.9995, 8.74925, 5.2485], "texture": "#2"},
				"east": {"uv": [8.24975, 2.9995, 8.74925, 5.2485], "texture": "#2"},
				"south": {"uv": [8.24975, 2.9995, 8.74925, 5.2485], "texture": "#2"},
				"west": {"uv": [8.24975, 2.9995, 8.74925, 5.2485], "texture": "#2"},
				"up": {"uv": [8.24975, 2.9995, 8.74925, 3.499], "rotation": 180, "texture": "#2"},
				"down": {"uv": [8.24975, 2.9995, 8.74925, 5.2485], "texture": "#2"}
			}
		},
		{
			"from": [-12, 13, 7],
			"to": [14, 30, 7],
			"rotation": {"angle": 0, "axis": "y", "origin": [15, -4, 8]},
			"faces": {
				"north": {"uv": [0, 10.49975, 6.49975, 14.74925], "texture": "#2"},
				"east": {"uv": [8.24975, 2.9995, 8.74925, 5.2485], "texture": "#2"},
				"south": {"uv": [6.49975, 10.49975, 0, 14.74925], "texture": "#2"},
				"west": {"uv": [8.24975, 2.9995, 8.74925, 5.2485], "texture": "#2"},
				"up": {"uv": [8.24975, 2.9995, 8.74925, 3.499], "rotation": 180, "texture": "#2"},
				"down": {"uv": [8.24975, 2.9995, 8.74925, 5.2485], "texture": "#2"}
			}
		},
		{
			"from": [15.125, -4.13185, 7],
			"to": [17.125, -3.13185, 9],
			"rotation": {"angle": 22.5, "axis": "z", "origin": [17.125, -3.63185, 8]},
			"faces": {
				"north": {"uv": [6.5, 0.5, 7, 0.75], "texture": "#2"},
				"east": {"uv": [6.5, 0.75, 7, 1], "texture": "#2"},
				"south": {"uv": [6.5, 1, 7, 1.25], "texture": "#2"},
				"west": {"uv": [6.5, 1.5, 7, 1.75], "texture": "#2"},
				"up": {"uv": [6.5, 5.25, 6, 4.75], "texture": "#2"},
				"down": {"uv": [3, 6.25, 2.5, 6.75], "texture": "#2"}
			}
		},
		{
			"from": [12.725, -4.13185, 7],
			"to": [14.725, -3.13185, 9],
			"rotation": {"angle": -22.5, "axis": "z", "origin": [12.725, -3.63185, 8]},
			"faces": {
				"north": {"uv": [7, 0.5, 6.5, 0.75], "texture": "#2"},
				"east": {"uv": [7, 1.5, 6.5, 1.75], "texture": "#2"},
				"south": {"uv": [7, 1, 6.5, 1.25], "texture": "#2"},
				"west": {"uv": [7, 0.75, 6.5, 1], "texture": "#2"},
				"up": {"uv": [6, 5.25, 6.5, 4.75], "texture": "#2"},
				"down": {"uv": [2.5, 6.25, 3, 6.75], "texture": "#2"}
			}
		},
		{
			"from": [15.2623, 1.41708, 6.97],
			"to": [16.3223, 3.47708, 9.03],
			"rotation": {"angle": -22.5, "axis": "z", "origin": [15.03022, 2.17868, 8]},
			"faces": {
				"north": {"uv": [7, 0.5, 6.5, 0.75], "rotation": 270, "texture": "#2"},
				"east": {"uv": [6, 5.25, 6.5, 4.75], "rotation": 90, "texture": "#2"},
				"south": {"uv": [7, 1, 6.5, 1.25], "rotation": 90, "texture": "#2"},
				"west": {"uv": [2.5, 6.25, 3, 6.75], "rotation": 90, "texture": "#2"},
				"up": {"uv": [7, 0.75, 6.5, 1], "rotation": 90, "texture": "#2"},
				"down": {"uv": [7, 1.5, 6.5, 1.75], "rotation": 90, "texture": "#2"}
			}
		},
		{
			"from": [15.115, -6.535, 6.99],
			"to": [17.135, -5.515, 9.01],
			"rotation": {"angle": -22.5, "axis": "z", "origin": [17.125, -6.025, 8]},
			"faces": {
				"north": {"uv": [6.25, 1.25, 6.75, 1.5], "texture": "#2"},
				"east": {"uv": [4.5, 6.5, 5, 6.75], "texture": "#2"},
				"south": {"uv": [5, 6.5, 5.5, 6.75], "texture": "#2"},
				"west": {"uv": [6.5, 6.5, 7, 6.75], "texture": "#2"},
				"up": {"uv": [6.5, 3.5, 6, 3], "texture": "#2"},
				"down": {"uv": [6.5, 3.5, 6, 4], "texture": "#2"}
			}
		},
		{
			"from": [12.715, -6.535, 6.99],
			"to": [14.735, -5.515, 9.01],
			"rotation": {"angle": 22.5, "axis": "z", "origin": [12.725, -6.025, 8]},
			"faces": {
				"north": {"uv": [6.75, 1.25, 6.25, 1.5], "texture": "#2"},
				"east": {"uv": [7, 6.5, 6.5, 6.75], "texture": "#2"},
				"south": {"uv": [5.5, 6.5, 5, 6.75], "texture": "#2"},
				"west": {"uv": [5, 6.5, 4.5, 6.75], "texture": "#2"},
				"up": {"uv": [6, 3.5, 6.5, 3], "texture": "#2"},
				"down": {"uv": [6, 3.5, 6.5, 4], "texture": "#2"}
			}
		},
		{
			"from": [13.72501, 1.42252, 6.97],
			"to": [14.78501, 3.48252, 9.03],
			"rotation": {"angle": 22.5, "axis": "z", "origin": [15.03022, 2.17868, 8]},
			"faces": {
				"north": {"uv": [6.75, 1.25, 6.25, 1.5], "rotation": 270, "texture": "#2"},
				"east": {"uv": [6, 3.5, 6.5, 3], "rotation": 90, "texture": "#2"},
				"south": {"uv": [5.5, 6.5, 5, 6.75], "rotation": 90, "texture": "#2"},
				"west": {"uv": [6, 3.5, 6.5, 4], "rotation": 90, "texture": "#2"},
				"up": {"uv": [5, 6.5, 4.5, 6.75], "rotation": 90, "texture": "#2"},
				"down": {"uv": [7, 6.5, 6.5, 6.75], "rotation": 90, "texture": "#2"}
			}
		},
		{
			"from": [12.99, -15.01, 6.99],
			"to": [17.01, -10.99, 9.01],
			"rotation": {"angle": -45, "axis": "z", "origin": [15, -13, 8]},
			"faces": {
				"north": {"uv": [2, 3, 3, 4], "rotation": 90, "texture": "#2"},
				"east": {"uv": [4.75, 5, 5.25, 6], "texture": "#2"},
				"south": {"uv": [2, 3, 3, 4], "texture": "#2"},
				"west": {"uv": [5, 0.5, 5.5, 1.5], "texture": "#2"},
				"up": {"uv": [6, 3.5, 5, 3], "texture": "#2"},
				"down": {"uv": [3, 5.25, 2, 5.75], "texture": "#2"}
			}
		},
		{
			"from": [12.9895, 14.9895, 6.9895],
			"to": [17.0105, 19.0105, 9.0105],
			"rotation": {"angle": -45, "axis": "z", "origin": [15, 17, 8]},
			"faces": {
				"north": {"uv": [2, 3, 3, 4], "texture": "#2"},
				"east": {"uv": [4.75, 5, 5.25, 6], "texture": "#2"},
				"south": {"uv": [2, 3, 3, 4], "texture": "#2"},
				"west": {"uv": [5, 0.5, 5.5, 1.5], "texture": "#2"},
				"up": {"uv": [6, 3.5, 5, 3], "texture": "#2"},
				"down": {"uv": [3, 5.25, 2, 5.75], "texture": "#2"}
			}
		},
		{
			"from": [12.9895, 26.9895, 6.9895],
			"to": [17.0105, 31.0105, 9.0105],
			"rotation": {"angle": -45, "axis": "z", "origin": [15, 29, 8]},
			"faces": {
				"north": {"uv": [2, 3, 3, 4], "texture": "#2"},
				"east": {"uv": [4.75, 5, 5.25, 6], "texture": "#2"},
				"south": {"uv": [2, 3, 3, 4], "texture": "#2"},
				"west": {"uv": [5, 0.5, 5.5, 1.5], "texture": "#2"},
				"up": {"uv": [6, 3.5, 5, 3], "texture": "#2"},
				"down": {"uv": [3, 5.25, 2, 5.75], "texture": "#2"}
			}
		},
		{
			"from": [13.98, -6.02, 6.98],
			"to": [17.02, -2.98, 9.02],
			"rotation": {"angle": -45, "axis": "z", "origin": [15, -4, 8]},
			"faces": {
				"north": {"uv": [3.25, 4.75, 4, 5.5], "rotation": 90, "texture": "#2"},
				"east": {"uv": [5.5, 3.5, 6, 4.25], "texture": "#2"},
				"south": {"uv": [3.25, 4.75, 4, 5.5], "texture": "#2"},
				"west": {"uv": [2, 5.75, 2.5, 6.5], "texture": "#2"},
				"up": {"uv": [4.5, 6.25, 3.75, 5.75], "texture": "#2"},
				"down": {"uv": [6, 5.75, 5.25, 6.25], "texture": "#2"}
			}
		},
		{
			"from": [12.98, 15.98, 14.78],
			"to": [16.02, 19.02, 14.78],
			"rotation": {"angle": -22.5, "axis": "x", "origin": [15, -4, 8]},
			"faces": {
				"north": {"uv": [15.25, 15.25, 16, 16], "texture": "#1"},
				"east": {"uv": [5.5, 3.5, 6, 4.25], "texture": "#1"},
				"south": {"uv": [15.25, 15.25, 16, 16], "texture": "#1"},
				"west": {"uv": [2, 5.75, 2.5, 6.5], "texture": "#1"},
				"up": {"uv": [4.5, 6.25, 3.75, 5.75], "texture": "#1"},
				"down": {"uv": [6, 5.75, 5.25, 6.25], "texture": "#1"}
			}
		},
		{
			"from": [12.98, 27.98, 14.78],
			"to": [16.02, 31.02, 14.78],
			"rotation": {"angle": -22.5, "axis": "x", "origin": [15, 8, 8]},
			"faces": {
				"north": {"uv": [15.25, 15.25, 16, 16], "texture": "#1"},
				"east": {"uv": [5.5, 3.5, 6, 4.25], "texture": "#1"},
				"south": {"uv": [15.25, 15.25, 16, 16], "texture": "#1"},
				"west": {"uv": [2, 5.75, 2.5, 6.5], "texture": "#1"},
				"up": {"uv": [4.5, 6.25, 3.75, 5.75], "texture": "#1"},
				"down": {"uv": [6, 5.75, 5.25, 6.25], "texture": "#1"}
			}
		},
		{
			"from": [12.98, -14.42, 14.78],
			"to": [16.02, -11.38, 14.78],
			"rotation": {"angle": -22.5, "axis": "x", "origin": [15, -34.4, 8]},
			"faces": {
				"north": {"uv": [15.25, 15.25, 16, 16], "texture": "#1"},
				"east": {"uv": [5.5, 3.5, 6, 4.25], "texture": "#1"},
				"south": {"uv": [15.25, 15.25, 16, 16], "texture": "#1"},
				"west": {"uv": [2, 5.75, 2.5, 6.5], "texture": "#1"},
				"up": {"uv": [4.5, 6.25, 3.75, 5.75], "texture": "#1"},
				"down": {"uv": [6, 5.75, 5.25, 6.25], "texture": "#1"}
			}
		},
		{
			"from": [12.98, 15.98, 1.22],
			"to": [16.02, 19.02, 1.22],
			"rotation": {"angle": 22.5, "axis": "x", "origin": [15, -4, 8]},
			"faces": {
				"north": {"uv": [16, 15.25, 15.25, 16], "texture": "#1"},
				"east": {"uv": [6, 3.5, 5.5, 4.25], "texture": "#1"},
				"south": {"uv": [16, 15.25, 15.25, 16], "texture": "#1"},
				"west": {"uv": [2.5, 5.75, 2, 6.5], "texture": "#1"},
				"up": {"uv": [4.5, 5.75, 3.75, 6.25], "texture": "#1"},
				"down": {"uv": [6, 6.25, 5.25, 5.75], "texture": "#1"}
			}
		},
		{
			"from": [12.98, 27.98, 1.22],
			"to": [16.02, 31.02, 1.22],
			"rotation": {"angle": 22.5, "axis": "x", "origin": [15, 8, 8]},
			"faces": {
				"north": {"uv": [16, 15.25, 15.25, 16], "texture": "#1"},
				"east": {"uv": [6, 3.5, 5.5, 4.25], "texture": "#1"},
				"south": {"uv": [16, 15.25, 15.25, 16], "texture": "#1"},
				"west": {"uv": [2.5, 5.75, 2, 6.5], "texture": "#1"},
				"up": {"uv": [4.5, 5.75, 3.75, 6.25], "texture": "#1"},
				"down": {"uv": [6, 6.25, 5.25, 5.75], "texture": "#1"}
			}
		},
		{
			"from": [12.98, -14.42, 1.22],
			"to": [16.02, -11.38, 1.22],
			"rotation": {"angle": 22.5, "axis": "x", "origin": [15, -34.4, 8]},
			"faces": {
				"north": {"uv": [16, 15.25, 15.25, 16], "texture": "#1"},
				"east": {"uv": [6, 3.5, 5.5, 4.25], "texture": "#1"},
				"south": {"uv": [16, 15.25, 15.25, 16], "texture": "#1"},
				"west": {"uv": [2.5, 5.75, 2, 6.5], "texture": "#1"},
				"up": {"uv": [4.5, 5.75, 3.75, 6.25], "texture": "#1"},
				"down": {"uv": [6, 6.25, 5.25, 5.75], "texture": "#1"}
			}
		},
		{
			"from": [15.615, -5.11, 7.49],
			"to": [17.635, -3.09, 8.51],
			"rotation": {"angle": -45, "axis": "z", "origin": [15.625, -4.1, 8.5]},
			"faces": {
				"north": {"uv": [3, 6, 3.5, 6.5], "texture": "#2"},
				"east": {"uv": [3, 6.5, 3.25, 7], "texture": "#2"},
				"south": {"uv": [4.5, 6, 5, 6.5], "texture": "#2"},
				"west": {"uv": [3.25, 6.5, 3.5, 7], "texture": "#2"},
				"up": {"uv": [4, 1, 3.5, 0.75], "texture": "#2"},
				"down": {"uv": [5.5, 3.5, 5, 3.75], "texture": "#2"}
			}
		},
		{
			"from": [12.215, -5.11, 7.49],
			"to": [14.235, -3.09, 8.51],
			"rotation": {"angle": 45, "axis": "z", "origin": [14.225, -4.1, 8.5]},
			"faces": {
				"north": {"uv": [3.5, 6, 3, 6.5], "texture": "#2"},
				"east": {"uv": [3.5, 6.5, 3.25, 7], "texture": "#2"},
				"south": {"uv": [5, 6, 4.5, 6.5], "texture": "#2"},
				"west": {"uv": [3.25, 6.5, 3, 7], "texture": "#2"},
				"up": {"uv": [3.5, 1, 4, 0.75], "texture": "#2"},
				"down": {"uv": [5, 3.5, 5.5, 3.75], "texture": "#2"}
			}
		},
		{
			"from": [13.94852, 1.22048, 8.47],
			"to": [16.00852, 3.28048, 9.53],
			"rotation": {"angle": -45, "axis": "z", "origin": [15.03022, 2.17868, 9]},
			"faces": {
				"north": {"uv": [3.5, 6, 3, 6.5], "texture": "#2"},
				"east": {"uv": [3.5, 6.5, 3.25, 7], "texture": "#2"},
				"south": {"uv": [5, 6, 4.5, 6.5], "texture": "#2"},
				"west": {"uv": [3.25, 6.5, 3, 7], "texture": "#2"},
				"up": {"uv": [3.5, 1, 4, 0.75], "texture": "#2"},
				"down": {"uv": [5, 3.5, 5.5, 3.75], "texture": "#2"}
			}
		},
		{
			"from": [12.98, -12.02, 6.48],
			"to": [17.02, -10.98, 9.52],
			"rotation": {"angle": -45, "axis": "z", "origin": [15, -13, 8]},
			"faces": {
				"north": {"uv": [5.75, 2.5, 6.75, 2.75], "texture": "#2"},
				"east": {"uv": [6, 0.25, 6.75, 0.5], "texture": "#2"},
				"south": {"uv": [5.75, 2.75, 6.75, 3], "texture": "#2"},
				"west": {"uv": [6, 4, 6.75, 4.25], "texture": "#2"},
				"up": {"uv": [4.25, 4.75, 3.25, 4], "texture": "#2"},
				"down": {"uv": [5, 0.75, 4, 1.5], "texture": "#2"}
			}
		},
		{
			"from": [12.98, 17.98, 6.48],
			"to": [17.02, 19.02, 9.52],
			"rotation": {"angle": -45, "axis": "z", "origin": [15, 17, 8]},
			"faces": {
				"north": {"uv": [5.75, 2.5, 6.75, 2.75], "texture": "#2"},
				"east": {"uv": [6, 0.25, 6.75, 0.5], "texture": "#2"},
				"south": {"uv": [5.75, 2.75, 6.75, 3], "texture": "#2"},
				"west": {"uv": [6, 4, 6.75, 4.25], "texture": "#2"},
				"up": {"uv": [4.25, 4.75, 3.25, 4], "texture": "#2"},
				"down": {"uv": [5, 0.75, 4, 1.5], "texture": "#2"}
			}
		},
		{
			"from": [12.98, 29.98, 6.48],
			"to": [17.02, 31.02, 9.52],
			"rotation": {"angle": -45, "axis": "z", "origin": [15, 29, 8]},
			"faces": {
				"north": {"uv": [5.75, 2.5, 6.75, 2.75], "texture": "#2"},
				"east": {"uv": [6, 0.25, 6.75, 0.5], "texture": "#2"},
				"south": {"uv": [5.75, 2.75, 6.75, 3], "texture": "#2"},
				"west": {"uv": [6, 4, 6.75, 4.25], "texture": "#2"},
				"up": {"uv": [4.25, 4.75, 3.25, 4], "texture": "#2"},
				"down": {"uv": [5, 0.75, 4, 1.5], "texture": "#2"}
			}
		},
		{
			"from": [12.98, -14.02, 6.48],
			"to": [14.02, -11.98, 9.52],
			"rotation": {"angle": -45, "axis": "z", "origin": [15, -13, 8]},
			"faces": {
				"north": {"uv": [6.25, 4.25, 6.5, 4.75], "texture": "#2"},
				"east": {"uv": [5.25, 4.75, 6, 5.25], "texture": "#2"},
				"south": {"uv": [6.25, 5.25, 6.5, 5.75], "texture": "#2"},
				"west": {"uv": [3, 5.5, 3.75, 6], "texture": "#2"},
				"up": {"uv": [6, 7, 5.75, 6.25], "texture": "#2"},
				"down": {"uv": [6.25, 6.25, 6, 7], "texture": "#2"}
			}
		},
		{
			"from": [12.98, 15.98, 6.48],
			"to": [14.02, 18.02, 9.52],
			"rotation": {"angle": -45, "axis": "z", "origin": [15, 17, 8]},
			"faces": {
				"north": {"uv": [6.25, 4.25, 6.5, 4.75], "texture": "#2"},
				"east": {"uv": [5.25, 4.75, 6, 5.25], "texture": "#2"},
				"south": {"uv": [6.25, 5.25, 6.5, 5.75], "texture": "#2"},
				"west": {"uv": [3, 5.5, 3.75, 6], "texture": "#2"},
				"up": {"uv": [6, 7, 5.75, 6.25], "texture": "#2"},
				"down": {"uv": [6.25, 6.25, 6, 7], "texture": "#2"}
			}
		},
		{
			"from": [12.98, 27.98, 6.48],
			"to": [14.02, 30.02, 9.52],
			"rotation": {"angle": -45, "axis": "z", "origin": [15, 29, 8]},
			"faces": {
				"north": {"uv": [6.25, 4.25, 6.5, 4.75], "texture": "#2"},
				"east": {"uv": [5.25, 4.75, 6, 5.25], "texture": "#2"},
				"south": {"uv": [6.25, 5.25, 6.5, 5.75], "texture": "#2"},
				"west": {"uv": [3, 5.5, 3.75, 6], "texture": "#2"},
				"up": {"uv": [6, 7, 5.75, 6.25], "texture": "#2"},
				"down": {"uv": [6.25, 6.25, 6, 7], "texture": "#2"}
			}
		},
		{
			"from": [15.98, -14.02, 6.48],
			"to": [17.02, -11.98, 9.52],
			"rotation": {"angle": -45, "axis": "z", "origin": [15, -13, 8]},
			"faces": {
				"north": {"uv": [2, 6.5, 2.25, 7], "texture": "#2"},
				"east": {"uv": [5.5, 0.5, 6.25, 1], "texture": "#2"},
				"south": {"uv": [2.25, 6.5, 2.5, 7], "texture": "#2"},
				"west": {"uv": [5.5, 1, 6.25, 1.5], "texture": "#2"},
				"up": {"uv": [6.5, 7, 6.25, 6.25], "texture": "#2"},
				"down": {"uv": [6.5, 0.5, 6.25, 1.25], "texture": "#2"}
			}
		},
		{
			"from": [15.98, 15.98, 6.48],
			"to": [17.02, 18.02, 9.52],
			"rotation": {"angle": -45, "axis": "z", "origin": [15, 17, 8]},
			"faces": {
				"north": {"uv": [2, 6.5, 2.25, 7], "texture": "#2"},
				"east": {"uv": [5.5, 0.5, 6.25, 1], "texture": "#2"},
				"south": {"uv": [2.25, 6.5, 2.5, 7], "texture": "#2"},
				"west": {"uv": [5.5, 1, 6.25, 1.5], "texture": "#2"},
				"up": {"uv": [6.5, 7, 6.25, 6.25], "texture": "#2"},
				"down": {"uv": [6.5, 0.5, 6.25, 1.25], "texture": "#2"}
			}
		},
		{
			"from": [15.98, 27.98, 6.48],
			"to": [17.02, 30.02, 9.52],
			"rotation": {"angle": -45, "axis": "z", "origin": [15, 29, 8]},
			"faces": {
				"north": {"uv": [2, 6.5, 2.25, 7], "texture": "#2"},
				"east": {"uv": [5.5, 0.5, 6.25, 1], "texture": "#2"},
				"south": {"uv": [2.25, 6.5, 2.5, 7], "texture": "#2"},
				"west": {"uv": [5.5, 1, 6.25, 1.5], "texture": "#2"},
				"up": {"uv": [6.5, 7, 6.25, 6.25], "texture": "#2"},
				"down": {"uv": [6.5, 0.5, 6.25, 1.25], "texture": "#2"}
			}
		},
		{
			"from": [12.98, -15.02, 6.48],
			"to": [17.02, -13.98, 9.52],
			"rotation": {"angle": -45, "axis": "z", "origin": [15, -13, 8]},
			"faces": {
				"north": {"uv": [6, 6, 7, 6.25], "texture": "#2"},
				"east": {"uv": [6, 5.75, 6.75, 6], "texture": "#2"},
				"south": {"uv": [6, 0, 7, 0.25], "texture": "#2"},
				"west": {"uv": [5, 6.25, 5.75, 6.5], "texture": "#2"},
				"up": {"uv": [5, 3.75, 4, 3], "texture": "#2"},
				"down": {"uv": [5.25, 4.25, 4.25, 5], "texture": "#2"}
			}
		},
		{
			"from": [12.98, 14.98, 6.48],
			"to": [17.02, 16.02, 9.52],
			"rotation": {"angle": -45, "axis": "z", "origin": [15, 17, 8]},
			"faces": {
				"north": {"uv": [6, 6, 7, 6.25], "texture": "#2"},
				"east": {"uv": [6, 5.75, 6.75, 6], "texture": "#2"},
				"south": {"uv": [6, 0, 7, 0.25], "texture": "#2"},
				"west": {"uv": [5, 6.25, 5.75, 6.5], "texture": "#2"},
				"up": {"uv": [5, 3.75, 4, 3], "texture": "#2"},
				"down": {"uv": [5.25, 4.25, 4.25, 5], "texture": "#2"}
			}
		},
		{
			"from": [12.98, 26.98, 6.48],
			"to": [17.02, 28.02, 9.52],
			"rotation": {"angle": -45, "axis": "z", "origin": [15, 29, 8]},
			"faces": {
				"north": {"uv": [6, 6, 7, 6.25], "texture": "#2"},
				"east": {"uv": [6, 5.75, 6.75, 6], "texture": "#2"},
				"south": {"uv": [6, 0, 7, 0.25], "texture": "#2"},
				"west": {"uv": [5, 6.25, 5.75, 6.5], "texture": "#2"},
				"up": {"uv": [5, 3.75, 4, 3], "texture": "#2"},
				"down": {"uv": [5.25, 4.25, 4.25, 5], "texture": "#2"}
			}
		}
	],
	"display": {
		"thirdperson_righthand": {
			"rotation": [8, -91, 8],
			"translation": [0, 3.5, -2.5],
			"scale": [0.6, 0.6, 0.6]
		},
		"thirdperson_lefthand": {
			"rotation": [8, 90, -8],
			"translation": [0, 3.5, -2.5],
			"scale": [0.6, 0.6, 0.6]
		},
		"firstperson_righthand": {
			"rotation": [0, -90, 0],
			"translation": [0, -1.5, 0],
			"scale": [0.6, 0.6, 0.6]
		},
		"firstperson_lefthand": {
			"rotation": [0, 90, 0],
			"translation": [0, -1.5, 0],
			"scale": [0.6, 0.6, 0.6]
		},
		"ground": {
			"rotation": [-45, 0, 0],
			"translation": [0, 4.75, 0],
			"scale": [0.4, 0.4, 0.4]
		},
		"gui": {
			"rotation": [0, -180, 34],
			"translation": [0, -0.5, 0],
			"scale": [0.35, 0.35, 0.35]
		},
		"fixed": {
			"rotation": [0, 0, 34],
			"translation": [-0.5, -1, -0.25],
			"scale": [0.35, 0.35, 0.35]
		}
	}
}