{
	"gui_light": "front",
	"texture_size": [64, 64],
	"textures": {
		"2": "minehub:handheld/seasonal/summer_bow",
		"3": "minehub:handheld/seasonal/texture",
		"particle": "minehub:handheld/seasonal/summer_bow"
	},
	"elements": [
		{
			"from": [6.29004, -7.0599, 7.15006],
			"to": [8.29004, -5.0599, 15.15006],
			"rotation": {"angle": 45, "axis": "x", "origin": [7.35254, -6.03744, 9.1875]},
			"faces": {
				"north": {"uv": [1, 0.5, 0.5, 0], "rotation": 90, "texture": "#2"},
				"east": {"uv": [7.24975, 6.24975, 7.7495, 8.2495], "rotation": 90, "texture": "#2"},
				"south": {"uv": [3, 5.75, 2.5, 6.25], "rotation": 90, "texture": "#2"},
				"west": {"uv": [7.24975, 6.24975, 7.7495, 8.2495], "rotation": 90, "texture": "#2"},
				"up": {"uv": [7.24975, 4.5, 7.7495, 8.24975], "texture": "#2"},
				"down": {"uv": [7.24975, 6.24975, 7.7495, 8.2495], "rotation": 180, "texture": "#2"}
			}
		},
		{
			"from": [6.29004, -5.13676, 6.28293],
			"to": [8.29004, -4.13676, 8.28293],
			"rotation": {"angle": -22.5, "axis": "x", "origin": [7.35254, -6.03744, 9.1875]},
			"faces": {
				"north": {"uv": [6.5, 0.75, 7, 1], "texture": "#2"},
				"east": {"uv": [6.5, 1, 7, 1.25], "texture": "#2"},
				"south": {"uv": [6.5, 1.5, 7, 1.75], "texture": "#2"},
				"west": {"uv": [6.5, 0.5, 7, 0.75], "texture": "#2"},
				"up": {"uv": [6.5, 5.25, 6, 4.75], "rotation": 270, "texture": "#2"},
				"down": {"uv": [3, 6.25, 2.5, 6.75], "rotation": 90, "texture": "#2"}
			}
		},
		{
			"from": [6.28004, -8.02667, 7.84421],
			"to": [8.30004, -6.00667, 8.86421],
			"rotation": {"angle": 22.5, "axis": "x", "origin": [7.35254, -6.03744, 9.1875]},
			"faces": {
				"north": {"uv": [6.5, 3.5, 6, 3], "rotation": 90, "texture": "#2"},
				"east": {"uv": [5, 6.5, 5.5, 6.75], "rotation": 90, "texture": "#2"},
				"south": {"uv": [6.5, 3.5, 6, 4], "rotation": 90, "texture": "#2"},
				"west": {"uv": [6.25, 1.25, 6.75, 1.5], "rotation": 270, "texture": "#2"},
				"up": {"uv": [6.5, 6.5, 7, 6.75], "texture": "#2"},
				"down": {"uv": [4.5, 6.5, 5, 6.75], "rotation": 180, "texture": "#2"}
			}
		},
		{
			"from": [6.28004, -5.67394, 9.25382],
			"to": [8.30004, -4.65394, 11.27382],
			"rotation": {"angle": -22.5, "axis": "x", "origin": [7.35254, -6.03744, 9.1875]},
			"faces": {
				"north": {"uv": [7, 6.5, 6.5, 6.75], "texture": "#2"},
				"east": {"uv": [5.5, 6.5, 5, 6.75], "texture": "#2"},
				"south": {"uv": [5, 6.5, 4.5, 6.75], "texture": "#2"},
				"west": {"uv": [6.75, 1.25, 6.25, 1.5], "texture": "#2"},
				"up": {"uv": [6, 3.5, 6.5, 3], "rotation": 270, "texture": "#2"},
				"down": {"uv": [6, 3.5, 6.5, 4], "rotation": 90, "texture": "#2"}
			}
		},
		{
			"from": [6.28004, -12.98659, 12.0849],
			"to": [8.30004, -8.96659, 16.1049],
			"rotation": {"angle": 0, "axis": "z", "origin": [7.35254, -6.03744, 9.1875]},
			"faces": {
				"north": {"uv": [6, 3.5, 5, 3], "rotation": 90, "texture": "#2"},
				"east": {"uv": [2, 3, 3, 4], "rotation": 90, "texture": "#2"},
				"south": {"uv": [3, 5.25, 2, 5.75], "rotation": 90, "texture": "#2"},
				"west": {"uv": [2, 3, 3, 4], "texture": "#2"},
				"up": {"uv": [5, 0.5, 5.5, 1.5], "texture": "#2"},
				"down": {"uv": [4.75, 5, 5.25, 6], "rotation": 180, "texture": "#2"}
			}
		},
		{
			"from": [6.23004, -6.67263, 6.67093],
			"to": [8.35004, -3.55263, 9.79093],
			"rotation": {"angle": 0, "axis": "z", "origin": [7.35254, -6.03744, 9.1875]},
			"faces": {
				"north": {"uv": [4.5, 6.25, 3.75, 5.75], "rotation": 90, "texture": "#2"},
				"east": {"uv": [3.25, 4.75, 4, 5.5], "rotation": 90, "texture": "#2"},
				"south": {"uv": [6, 5.75, 5.25, 6.25], "rotation": 90, "texture": "#2"},
				"west": {"uv": [3.25, 4.75, 4, 5.5], "texture": "#2"},
				"up": {"uv": [2, 5.75, 2.5, 6.5], "texture": "#2"},
				"down": {"uv": [5.5, 3.5, 6, 4.25], "rotation": 180, "texture": "#2"}
			}
		},
		{
			"from": [6.78004, -7.13528, 6.3497],
			"to": [7.80004, -5.11528, 8.3697],
			"rotation": {"angle": 0, "axis": "z", "origin": [7.35254, -6.03744, 9.1875]},
			"faces": {
				"north": {"uv": [4, 1, 3.5, 0.75], "rotation": 90, "texture": "#2"},
				"east": {"uv": [4.5, 6, 5, 6.5], "rotation": 90, "texture": "#2"},
				"south": {"uv": [5.5, 3.5, 5, 3.75], "rotation": 90, "texture": "#2"},
				"west": {"uv": [3, 6, 3.5, 6.5], "rotation": 270, "texture": "#2"},
				"up": {"uv": [3.25, 6.5, 3.5, 7], "texture": "#2"},
				"down": {"uv": [3, 6.5, 3.25, 7], "rotation": 180, "texture": "#2"}
			}
		},
		{
			"from": [6.78004, -5.14533, 8.33965],
			"to": [7.80004, -3.12533, 10.35965],
			"rotation": {"angle": 0, "axis": "z", "origin": [7.35254, -6.03744, 9.1875]},
			"faces": {
				"north": {"uv": [3.5, 6.5, 3.25, 7], "texture": "#2"},
				"east": {"uv": [5, 6, 4.5, 6.5], "texture": "#2"},
				"south": {"uv": [3.25, 6.5, 3, 7], "texture": "#2"},
				"west": {"uv": [3.5, 6, 3, 6.5], "texture": "#2"},
				"up": {"uv": [3.5, 1, 4, 0.75], "rotation": 270, "texture": "#2"},
				"down": {"uv": [5, 3.5, 5.5, 3.75], "rotation": 90, "texture": "#2"}
			}
		},
		{
			"from": [5.77004, -12.99659, 12.0749],
			"to": [8.81004, -8.95659, 13.1149],
			"rotation": {"angle": 0, "axis": "z", "origin": [7.35254, -6.03744, 9.1875]},
			"faces": {
				"north": {"uv": [4.25, 4.75, 3.25, 4], "rotation": 90, "texture": "#2"},
				"east": {"uv": [5.75, 2.75, 6.75, 3], "rotation": 90, "texture": "#2"},
				"south": {"uv": [5, 0.75, 4, 1.5], "rotation": 90, "texture": "#2"},
				"west": {"uv": [5.75, 2.5, 6.75, 2.75], "rotation": 270, "texture": "#2"},
				"up": {"uv": [6, 4, 6.75, 4.25], "texture": "#2"},
				"down": {"uv": [6, 0.25, 6.75, 0.5], "rotation": 180, "texture": "#2"}
			}
		},
		{
			"from": [5.77004, -9.99659, 13.0749],
			"to": [8.81004, -8.95659, 15.1149],
			"rotation": {"angle": 0, "axis": "z", "origin": [7.35254, -6.03744, 9.1875]},
			"faces": {
				"north": {"uv": [6, 7, 5.75, 6.25], "rotation": 90, "texture": "#2"},
				"east": {"uv": [6.25, 5.25, 6.5, 5.75], "rotation": 90, "texture": "#2"},
				"south": {"uv": [6.25, 6.25, 6, 7], "rotation": 90, "texture": "#2"},
				"west": {"uv": [6.25, 4.25, 6.5, 4.75], "rotation": 270, "texture": "#2"},
				"up": {"uv": [3, 5.5, 3.75, 6], "texture": "#2"},
				"down": {"uv": [5.25, 4.75, 6, 5.25], "rotation": 180, "texture": "#2"}
			}
		},
		{
			"from": [5.77004, -12.99659, 13.0749],
			"to": [8.81004, -11.95659, 15.1149],
			"rotation": {"angle": 0, "axis": "z", "origin": [7.35254, -6.03744, 9.1875]},
			"faces": {
				"north": {"uv": [6.5, 7, 6.25, 6.25], "rotation": 90, "texture": "#2"},
				"east": {"uv": [2.25, 6.5, 2.5, 7], "rotation": 90, "texture": "#2"},
				"south": {"uv": [6.5, 0.5, 6.25, 1.25], "rotation": 90, "texture": "#2"},
				"west": {"uv": [2, 6.5, 2.25, 7], "rotation": 270, "texture": "#2"},
				"up": {"uv": [5.5, 1, 6.25, 1.5], "texture": "#2"},
				"down": {"uv": [5.5, 0.5, 6.25, 1], "rotation": 180, "texture": "#2"}
			}
		},
		{
			"from": [5.77004, -12.99659, 15.0749],
			"to": [8.81004, -8.95659, 16.1149],
			"rotation": {"angle": 0, "axis": "z", "origin": [7.35254, -6.03744, 9.1875]},
			"faces": {
				"north": {"uv": [5, 3.75, 4, 3], "rotation": 90, "texture": "#2"},
				"east": {"uv": [6, 0, 7, 0.25], "rotation": 90, "texture": "#2"},
				"south": {"uv": [5.25, 4.25, 4.25, 5], "rotation": 90, "texture": "#2"},
				"west": {"uv": [6, 6, 7, 6.25], "rotation": 270, "texture": "#2"},
				"up": {"uv": [5, 6.25, 5.75, 6.5], "texture": "#2"},
				"down": {"uv": [6, 5.75, 6.75, 6], "rotation": 180, "texture": "#2"}
			}
		},
		{
			"from": [7.02004, -16, 8.0749],
			"to": [7.06004, -6.95659, 29.1149],
			"rotation": {"angle": 0, "axis": "z", "origin": [7.60254, -6.03744, 10.1875]},
			"faces": {
				"north": {"uv": [9.25, 12, 8.25, 11.25], "rotation": 90, "texture": "#2"},
				"east": {"uv": [3, 9, 5.2605, 14.26], "rotation": 90, "texture": "#2"},
				"south": {"uv": [8.25, 10.25, 7.25, 11], "rotation": 90, "texture": "#2"},
				"west": {"uv": [5.2605, 9, 3, 14.26], "rotation": 270, "texture": "#2"},
				"up": {"uv": [7.75, 11.25, 8.5, 11.5], "texture": "#2"},
				"down": {"uv": [9.25, 12.25, 10, 12.5], "rotation": 180, "texture": "#2"}
			}
		},
		{
			"from": [7.27004, 22.95659, 8.0749],
			"to": [7.31004, 32, 29.1149],
			"rotation": {"angle": 0, "axis": "z", "origin": [7.85254, 22.03744, 10.1875]},
			"faces": {
				"north": {"uv": [7.5, 10, 8.5, 9.25], "rotation": 90, "texture": "#2"},
				"east": {"uv": [5.2605, 9, 3, 14.26], "rotation": 90, "texture": "#2"},
				"south": {"uv": [9.25, 11.5, 10.25, 12.25], "rotation": 90, "texture": "#2"},
				"west": {"uv": [3, 9, 5.2605, 14.26], "rotation": 270, "texture": "#2"},
				"up": {"uv": [7.25, 11, 8, 10.75], "rotation": 180, "texture": "#2"},
				"down": {"uv": [7.25, 9.75, 7.5, 9.5], "texture": "#2"}
			}
		},
		{
			"from": [7.86004, -1.57372, 11.73162],
			"to": [8.92004, 0.48628, 13.79162],
			"rotation": {"angle": -22.5, "axis": "x", "origin": [7.45254, -6.46244, 6.9375]},
			"faces": {
				"north": {"uv": [3.5, 6.5, 3.25, 7], "texture": "#2"},
				"east": {"uv": [5, 6, 4.5, 6.5], "texture": "#2"},
				"south": {"uv": [3.25, 6.5, 3, 7], "texture": "#2"},
				"west": {"uv": [3.5, 6, 3, 6.5], "texture": "#2"},
				"up": {"uv": [3.5, 1, 4, 0.75], "rotation": 270, "texture": "#2"},
				"down": {"uv": [5, 3.5, 5.5, 3.75], "rotation": 90, "texture": "#2"}
			}
		},
		{
			"from": [7.86004, 15.51372, 11.73162],
			"to": [8.92004, 17.57372, 13.79162],
			"rotation": {"angle": 22.5, "axis": "x", "origin": [7.45254, 22.46244, 6.9375]},
			"faces": {
				"north": {"uv": [3.5, 7, 3.25, 6.5], "texture": "#2"},
				"east": {"uv": [5, 6.5, 4.5, 6], "texture": "#2"},
				"south": {"uv": [3.25, 7, 3, 6.5], "texture": "#2"},
				"west": {"uv": [3.5, 6.5, 3, 6], "texture": "#2"},
				"up": {"uv": [5.5, 3.5, 5, 3.75], "rotation": 90, "texture": "#2"},
				"down": {"uv": [4, 1, 3.5, 0.75], "rotation": 270, "texture": "#2"}
			}
		},
		{
			"from": [5.86004, -1.57372, 11.73162],
			"to": [6.92004, 0.48628, 13.79162],
			"rotation": {"angle": -22.5, "axis": "x", "origin": [7.32754, -6.46244, 6.9375]},
			"faces": {
				"north": {"uv": [3.25, 6.5, 3.5, 7], "texture": "#2"},
				"east": {"uv": [3, 6, 3.5, 6.5], "texture": "#2"},
				"south": {"uv": [3, 6.5, 3.25, 7], "texture": "#2"},
				"west": {"uv": [4.5, 6, 5, 6.5], "texture": "#2"},
				"up": {"uv": [3.5, 0.75, 4, 1], "rotation": 270, "texture": "#2"},
				"down": {"uv": [5, 3.75, 5.5, 3.5], "rotation": 90, "texture": "#2"}
			}
		},
		{
			"from": [5.86004, 15.51372, 11.73162],
			"to": [6.92004, 17.57372, 13.79162],
			"rotation": {"angle": 22.5, "axis": "x", "origin": [7.32754, 22.46244, 6.9375]},
			"faces": {
				"north": {"uv": [3.25, 7, 3.5, 6.5], "texture": "#2"},
				"east": {"uv": [3, 6.5, 3.5, 6], "texture": "#2"},
				"south": {"uv": [3, 7, 3.25, 6.5], "texture": "#2"},
				"west": {"uv": [4.5, 6.5, 5, 6], "texture": "#2"},
				"up": {"uv": [5.5, 3.75, 5, 3.5], "rotation": 90, "texture": "#2"},
				"down": {"uv": [4, 0.75, 3.5, 1], "rotation": 270, "texture": "#2"}
			}
		},
		{
			"from": [6.35004, 0.37682, 8.73092],
			"to": [8.43004, 2.45682, 9.75092],
			"rotation": {"angle": 0, "axis": "z", "origin": [7.45254, -6.46244, 6.9375]},
			"faces": {
				"north": {"uv": [6, 5.25, 6.5, 4.75], "rotation": 90, "texture": "#2"},
				"east": {"uv": [7, 1, 6.5, 1.25], "rotation": 90, "texture": "#2"},
				"south": {"uv": [2.5, 6.25, 3, 6.75], "rotation": 90, "texture": "#2"},
				"west": {"uv": [7, 0.5, 6.5, 0.75], "rotation": 270, "texture": "#2"},
				"up": {"uv": [7, 0.75, 6.5, 1], "texture": "#2"},
				"down": {"uv": [7, 1.5, 6.5, 1.75], "rotation": 180, "texture": "#2"}
			}
		},
		{
			"from": [6.35004, 13.54318, 8.73092],
			"to": [8.43004, 15.62318, 9.75092],
			"rotation": {"angle": 0, "axis": "z", "origin": [7.45254, 22.46244, 6.9375]},
			"faces": {
				"north": {"uv": [6.5, 5.25, 6, 4.75], "rotation": 90, "texture": "#2"},
				"east": {"uv": [6.5, 1, 7, 1.25], "rotation": 90, "texture": "#2"},
				"south": {"uv": [3, 6.25, 2.5, 6.75], "rotation": 90, "texture": "#2"},
				"west": {"uv": [6.5, 0.5, 7, 0.75], "rotation": 270, "texture": "#2"},
				"up": {"uv": [7, 1.75, 6.5, 1.5], "rotation": 180, "texture": "#2"},
				"down": {"uv": [7, 1, 6.5, 0.75], "texture": "#2"}
			}
		},
		{
			"from": [6.32504, 0.34195, 3.97987],
			"to": [8.40504, 2.42195, 4.99987],
			"rotation": {"angle": 45, "axis": "x", "origin": [7.42754, -6.46244, 6.9375]},
			"faces": {
				"north": {"uv": [6, 3.5, 6.5, 3], "rotation": 90, "texture": "#2"},
				"east": {"uv": [5.5, 6.5, 5, 6.75], "rotation": 90, "texture": "#2"},
				"south": {"uv": [6, 3.5, 6.5, 4], "rotation": 90, "texture": "#2"},
				"west": {"uv": [6.75, 1.25, 6.25, 1.5], "rotation": 270, "texture": "#2"},
				"up": {"uv": [5, 6.5, 4.5, 6.75], "texture": "#2"},
				"down": {"uv": [7, 6.5, 6.5, 6.75], "rotation": 180, "texture": "#2"}
			}
		},
		{
			"from": [6.32504, 13.57805, 3.97987],
			"to": [8.40504, 15.65805, 4.99987],
			"rotation": {"angle": -45, "axis": "x", "origin": [7.42754, 22.46244, 6.9375]},
			"faces": {
				"north": {"uv": [6.5, 3.5, 6, 3], "rotation": 90, "texture": "#2"},
				"east": {"uv": [5, 6.5, 5.5, 6.75], "rotation": 90, "texture": "#2"},
				"south": {"uv": [6.5, 3.5, 6, 4], "rotation": 90, "texture": "#2"},
				"west": {"uv": [6.25, 1.25, 6.75, 1.5], "rotation": 270, "texture": "#2"},
				"up": {"uv": [7, 6.75, 6.5, 6.5], "rotation": 180, "texture": "#2"},
				"down": {"uv": [5, 6.75, 4.5, 6.5], "texture": "#2"}
			}
		},
		{
			"from": [6.29004, 21.0599, 7.15006],
			"to": [8.29004, 23.0599, 15.15006],
			"rotation": {"angle": -45, "axis": "x", "origin": [7.35254, 22.03744, 9.1875]},
			"faces": {
				"north": {"uv": [0.5, 0.5, 1, 0], "rotation": 90, "texture": "#2"},
				"east": {"uv": [7.7495, 6.24975, 7.24975, 8.2495], "rotation": 90, "texture": "#2"},
				"south": {"uv": [2.5, 5.75, 3, 6.25], "rotation": 90, "texture": "#2"},
				"west": {"uv": [7.7495, 6.24975, 7.24975, 8.2495], "rotation": 90, "texture": "#2"},
				"up": {"uv": [7.7495, 6.24975, 7.24975, 8.2495], "texture": "#2"},
				"down": {"uv": [7.7495, 4.5, 7.24975, 8.24975], "rotation": 180, "texture": "#2"}
			}
		},
		{
			"from": [6.29004, 20.13676, 6.28293],
			"to": [8.29004, 21.13676, 8.28293],
			"rotation": {"angle": 22.5, "axis": "x", "origin": [7.35254, 22.03744, 9.1875]},
			"faces": {
				"north": {"uv": [6.5, 1, 7, 0.75], "texture": "#2"},
				"east": {"uv": [6.5, 1.25, 7, 1], "texture": "#2"},
				"south": {"uv": [6.5, 1.75, 7, 1.5], "texture": "#2"},
				"west": {"uv": [6.5, 0.75, 7, 0.5], "texture": "#2"},
				"up": {"uv": [3, 6.75, 2.5, 6.25], "rotation": 270, "texture": "#2"},
				"down": {"uv": [6.5, 4.75, 6, 5.25], "rotation": 90, "texture": "#2"}
			}
		},
		{
			"from": [6.28004, 22.00667, 7.84421],
			"to": [8.30004, 24.02667, 8.86421],
			"rotation": {"angle": -22.5, "axis": "x", "origin": [7.35254, 22.03744, 9.1875]},
			"faces": {
				"north": {"uv": [6, 3.5, 6.5, 3], "rotation": 90, "texture": "#2"},
				"east": {"uv": [5.5, 6.5, 5, 6.75], "rotation": 90, "texture": "#2"},
				"south": {"uv": [6, 3.5, 6.5, 4], "rotation": 90, "texture": "#2"},
				"west": {"uv": [6.75, 1.25, 6.25, 1.5], "rotation": 270, "texture": "#2"},
				"up": {"uv": [5, 6.5, 4.5, 6.75], "texture": "#2"},
				"down": {"uv": [7, 6.5, 6.5, 6.75], "rotation": 180, "texture": "#2"}
			}
		},
		{
			"from": [6.28004, 20.65394, 9.25382],
			"to": [8.30004, 21.67394, 11.27382],
			"rotation": {"angle": 22.5, "axis": "x", "origin": [7.35254, 22.03744, 9.1875]},
			"faces": {
				"north": {"uv": [7, 6.75, 6.5, 6.5], "texture": "#2"},
				"east": {"uv": [5.5, 6.75, 5, 6.5], "texture": "#2"},
				"south": {"uv": [5, 6.75, 4.5, 6.5], "texture": "#2"},
				"west": {"uv": [6.75, 1.5, 6.25, 1.25], "texture": "#2"},
				"up": {"uv": [6, 4, 6.5, 3.5], "rotation": 270, "texture": "#2"},
				"down": {"uv": [6, 3, 6.5, 3.5], "rotation": 90, "texture": "#2"}
			}
		},
		{
			"from": [6.28004, 24.96659, 12.0849],
			"to": [8.30004, 28.98659, 16.1049],
			"rotation": {"angle": 0, "axis": "z", "origin": [7.35254, 22.03744, 9.1875]},
			"faces": {
				"north": {"uv": [5, 3.5, 6, 3], "rotation": 90, "texture": "#2"},
				"east": {"uv": [3, 3, 2, 4], "rotation": 90, "texture": "#2"},
				"south": {"uv": [2, 5.25, 3, 5.75], "rotation": 90, "texture": "#2"},
				"west": {"uv": [2, 4, 3, 3], "texture": "#2"},
				"up": {"uv": [5.25, 5, 4.75, 6], "texture": "#2"},
				"down": {"uv": [5.5, 0.5, 5, 1.5], "rotation": 180, "texture": "#2"}
			}
		},
		{
			"from": [6.23004, 19.55263, 6.67093],
			"to": [8.35004, 22.67263, 9.79093],
			"rotation": {"angle": 0, "axis": "z", "origin": [7.35254, 22.03744, 9.1875]},
			"faces": {
				"north": {"uv": [3.75, 6.25, 4.5, 5.75], "rotation": 90, "texture": "#2"},
				"east": {"uv": [4, 4.75, 3.25, 5.5], "rotation": 90, "texture": "#2"},
				"south": {"uv": [5.25, 5.75, 6, 6.25], "rotation": 90, "texture": "#2"},
				"west": {"uv": [3.25, 5.5, 4, 4.75], "texture": "#2"},
				"up": {"uv": [6, 3.5, 5.5, 4.25], "texture": "#2"},
				"down": {"uv": [2.5, 5.75, 2, 6.5], "rotation": 180, "texture": "#2"}
			}
		},
		{
			"from": [9.20004, 20.20263, 6.67093],
			"to": [9.20004, 23.32263, 9.79093],
			"rotation": {"angle": -22.5, "axis": "z", "origin": [7.35254, 22.03744, 9.1875]},
			"faces": {
				"north": {"uv": [3.75, 6.25, 4.5, 5.75], "rotation": 90, "texture": "#3"},
				"east": {"uv": [16, 15.25, 15.25, 16], "texture": "#3"},
				"south": {"uv": [5.25, 5.75, 6, 6.25], "rotation": 90, "texture": "#3"},
				"west": {"uv": [15.25, 16, 16, 15.25], "rotation": 180, "texture": "#3"},
				"up": {"uv": [6, 3.5, 5.5, 4.25], "texture": "#3"},
				"down": {"uv": [2.5, 5.75, 2, 6.5], "rotation": 180, "texture": "#3"}
			}
		},
		{
			"from": [9.20004, -7.32263, 6.67093],
			"to": [9.20004, -4.20263, 9.79093],
			"rotation": {"angle": 22.5, "axis": "z", "origin": [7.35254, -6.03744, 9.1875]},
			"faces": {
				"north": {"uv": [4.5, 6.25, 3.75, 5.75], "rotation": 90, "texture": "#3"},
				"east": {"uv": [16, 16, 15.25, 15.25], "texture": "#3"},
				"south": {"uv": [6, 5.75, 5.25, 6.25], "rotation": 90, "texture": "#3"},
				"west": {"uv": [15.25, 15.25, 16, 16], "rotation": 180, "texture": "#3"},
				"up": {"uv": [2.5, 6.5, 2, 5.75], "rotation": 180, "texture": "#3"},
				"down": {"uv": [6, 4.25, 5.5, 3.5], "texture": "#3"}
			}
		},
		{
			"from": [9.20004, 26.45263, 13.17093],
			"to": [9.20004, 29.57263, 16.29093],
			"rotation": {"angle": -22.5, "axis": "z", "origin": [7.35254, 28.28744, 15.6875]},
			"faces": {
				"north": {"uv": [3.75, 6.25, 4.5, 5.75], "rotation": 90, "texture": "#3"},
				"east": {"uv": [16, 15.25, 15.25, 16], "texture": "#3"},
				"south": {"uv": [5.25, 5.75, 6, 6.25], "rotation": 90, "texture": "#3"},
				"west": {"uv": [15.25, 16, 16, 15.25], "rotation": 180, "texture": "#3"},
				"up": {"uv": [6, 3.5, 5.5, 4.25], "texture": "#3"},
				"down": {"uv": [2.5, 5.75, 2, 6.5], "rotation": 180, "texture": "#3"}
			}
		},
		{
			"from": [9.20004, -13.57263, 13.17093],
			"to": [9.20004, -10.45263, 16.29093],
			"rotation": {"angle": 22.5, "axis": "z", "origin": [7.35254, -12.28744, 15.6875]},
			"faces": {
				"north": {"uv": [4.5, 6.25, 3.75, 5.75], "rotation": 90, "texture": "#3"},
				"east": {"uv": [16, 16, 15.25, 15.25], "texture": "#3"},
				"south": {"uv": [6, 5.75, 5.25, 6.25], "rotation": 90, "texture": "#3"},
				"west": {"uv": [15.25, 15.25, 16, 16], "rotation": 180, "texture": "#3"},
				"up": {"uv": [2.5, 6.5, 2, 5.75], "rotation": 180, "texture": "#3"},
				"down": {"uv": [6, 4.25, 5.5, 3.5], "texture": "#3"}
			}
		},
		{
			"from": [5.47496, 20.70263, 6.67093],
			"to": [5.47496, 23.82263, 9.79093],
			"rotation": {"angle": 22.5, "axis": "z", "origin": [8.64746, 22.03744, 9.1875]},
			"faces": {
				"north": {"uv": [3.75, 5.75, 4.5, 6.25], "rotation": 90, "texture": "#3"},
				"east": {"uv": [16, 16, 15.25, 15.25], "rotation": 180, "texture": "#3"},
				"south": {"uv": [5.25, 6.25, 6, 5.75], "rotation": 90, "texture": "#3"},
				"west": {"uv": [15.25, 15.25, 16, 16], "texture": "#3"},
				"up": {"uv": [5.5, 3.5, 6, 4.25], "texture": "#3"},
				"down": {"uv": [2, 5.75, 2.5, 6.5], "rotation": 180, "texture": "#3"}
			}
		},
		{
			"from": [5.47496, -7.82263, 6.67093],
			"to": [5.47496, -4.70263, 9.79093],
			"rotation": {"angle": -22.5, "axis": "z", "origin": [8.64746, -6.03744, 9.1875]},
			"faces": {
				"north": {"uv": [4.5, 5.75, 3.75, 6.25], "rotation": 90, "texture": "#3"},
				"east": {"uv": [16, 15.25, 15.25, 16], "rotation": 180, "texture": "#3"},
				"south": {"uv": [6, 6.25, 5.25, 5.75], "rotation": 90, "texture": "#3"},
				"west": {"uv": [15.25, 16, 16, 15.25], "texture": "#3"},
				"up": {"uv": [2, 6.5, 2.5, 5.75], "rotation": 180, "texture": "#3"},
				"down": {"uv": [5.5, 4.25, 6, 3.5], "texture": "#3"}
			}
		},
		{
			"from": [5.47496, 26.95263, 13.17093],
			"to": [5.47496, 30.07263, 16.29093],
			"rotation": {"angle": 22.5, "axis": "z", "origin": [8.64746, 28.28744, 15.6875]},
			"faces": {
				"north": {"uv": [3.75, 5.75, 4.5, 6.25], "rotation": 90, "texture": "#3"},
				"east": {"uv": [16, 16, 15.25, 15.25], "rotation": 180, "texture": "#3"},
				"south": {"uv": [5.25, 6.25, 6, 5.75], "rotation": 90, "texture": "#3"},
				"west": {"uv": [15.25, 15.25, 16, 16], "texture": "#3"},
				"up": {"uv": [5.5, 3.5, 6, 4.25], "texture": "#3"},
				"down": {"uv": [2, 5.75, 2.5, 6.5], "rotation": 180, "texture": "#3"}
			}
		},
		{
			"from": [5.47496, -14.07263, 13.17093],
			"to": [5.47496, -10.95263, 16.29093],
			"rotation": {"angle": -22.5, "axis": "z", "origin": [8.64746, -12.28744, 15.6875]},
			"faces": {
				"north": {"uv": [4.5, 5.75, 3.75, 6.25], "rotation": 90, "texture": "#3"},
				"east": {"uv": [16, 15.25, 15.25, 16], "rotation": 180, "texture": "#3"},
				"south": {"uv": [6, 6.25, 5.25, 5.75], "rotation": 90, "texture": "#3"},
				"west": {"uv": [15.25, 16, 16, 15.25], "texture": "#3"},
				"up": {"uv": [2, 6.5, 2.5, 5.75], "rotation": 180, "texture": "#3"},
				"down": {"uv": [5.5, 4.25, 6, 3.5], "texture": "#3"}
			}
		},
		{
			"from": [6.78004, 21.11528, 6.3497],
			"to": [7.80004, 23.13528, 8.3697],
			"rotation": {"angle": 0, "axis": "z", "origin": [7.35254, 22.03744, 9.1875]},
			"faces": {
				"north": {"uv": [3.5, 1, 4, 0.75], "rotation": 90, "texture": "#2"},
				"east": {"uv": [5, 6, 4.5, 6.5], "rotation": 90, "texture": "#2"},
				"south": {"uv": [5, 3.5, 5.5, 3.75], "rotation": 90, "texture": "#2"},
				"west": {"uv": [3.5, 6, 3, 6.5], "rotation": 270, "texture": "#2"},
				"up": {"uv": [3.25, 6.5, 3, 7], "texture": "#2"},
				"down": {"uv": [3.5, 6.5, 3.25, 7], "rotation": 180, "texture": "#2"}
			}
		},
		{
			"from": [6.78004, 19.12533, 8.33965],
			"to": [7.80004, 21.14533, 10.35965],
			"rotation": {"angle": 0, "axis": "z", "origin": [7.35254, 22.03744, 9.1875]},
			"faces": {
				"north": {"uv": [3.5, 7, 3.25, 6.5], "texture": "#2"},
				"east": {"uv": [5, 6.5, 4.5, 6], "texture": "#2"},
				"south": {"uv": [3.25, 7, 3, 6.5], "texture": "#2"},
				"west": {"uv": [3.5, 6.5, 3, 6], "texture": "#2"},
				"up": {"uv": [5, 3.75, 5.5, 3.5], "rotation": 270, "texture": "#2"},
				"down": {"uv": [3.5, 0.75, 4, 1], "rotation": 90, "texture": "#2"}
			}
		},
		{
			"from": [5.77004, 24.95659, 12.0749],
			"to": [8.81004, 28.99659, 13.1149],
			"rotation": {"angle": 0, "axis": "z", "origin": [7.35254, 22.03744, 9.1875]},
			"faces": {
				"north": {"uv": [3.25, 4.75, 4.25, 4], "rotation": 90, "texture": "#2"},
				"east": {"uv": [6.75, 2.75, 5.75, 3], "rotation": 90, "texture": "#2"},
				"south": {"uv": [4, 0.75, 5, 1.5], "rotation": 90, "texture": "#2"},
				"west": {"uv": [6.75, 2.5, 5.75, 2.75], "rotation": 270, "texture": "#2"},
				"up": {"uv": [6.75, 0.25, 6, 0.5], "texture": "#2"},
				"down": {"uv": [6.75, 4, 6, 4.25], "rotation": 180, "texture": "#2"}
			}
		},
		{
			"from": [5.77004, 24.95659, 13.0749],
			"to": [8.81004, 25.99659, 15.1149],
			"rotation": {"angle": 0, "axis": "z", "origin": [7.35254, 22.03744, 9.1875]},
			"faces": {
				"north": {"uv": [5.75, 7, 6, 6.25], "rotation": 90, "texture": "#2"},
				"east": {"uv": [6.5, 5.25, 6.25, 5.75], "rotation": 90, "texture": "#2"},
				"south": {"uv": [6, 6.25, 6.25, 7], "rotation": 90, "texture": "#2"},
				"west": {"uv": [6.5, 4.25, 6.25, 4.75], "rotation": 270, "texture": "#2"},
				"up": {"uv": [6, 4.75, 5.25, 5.25], "texture": "#2"},
				"down": {"uv": [3.75, 5.5, 3, 6], "rotation": 180, "texture": "#2"}
			}
		},
		{
			"from": [5.77004, 27.95659, 13.0749],
			"to": [8.81004, 28.99659, 15.1149],
			"rotation": {"angle": 0, "axis": "z", "origin": [7.35254, 22.03744, 9.1875]},
			"faces": {
				"north": {"uv": [6.25, 7, 6.5, 6.25], "rotation": 90, "texture": "#2"},
				"east": {"uv": [2.5, 6.5, 2.25, 7], "rotation": 90, "texture": "#2"},
				"south": {"uv": [6.25, 0.5, 6.5, 1.25], "rotation": 90, "texture": "#2"},
				"west": {"uv": [2.25, 6.5, 2, 7], "rotation": 270, "texture": "#2"},
				"up": {"uv": [6.25, 0.5, 5.5, 1], "texture": "#2"},
				"down": {"uv": [6.25, 1, 5.5, 1.5], "rotation": 180, "texture": "#2"}
			}
		},
		{
			"from": [5.77004, 24.95659, 15.0749],
			"to": [8.81004, 28.99659, 16.1149],
			"rotation": {"angle": 0, "axis": "z", "origin": [7.35254, 22.03744, 9.1875]},
			"faces": {
				"north": {"uv": [4, 3.75, 5, 3], "rotation": 90, "texture": "#2"},
				"east": {"uv": [7, 0, 6, 0.25], "rotation": 90, "texture": "#2"},
				"south": {"uv": [4.25, 4.25, 5.25, 5], "rotation": 90, "texture": "#2"},
				"west": {"uv": [7, 6, 6, 6.25], "rotation": 270, "texture": "#2"},
				"up": {"uv": [6.75, 5.75, 6, 6], "texture": "#2"},
				"down": {"uv": [5.75, 6.25, 5, 6.5], "rotation": 180, "texture": "#2"}
			}
		},
		{
			"from": [7.29004, -9, 13.91504],
			"to": [7.31004, 25, 14.91504],
			"rotation": {"angle": 0, "axis": "x", "origin": [7.29004, 25, 14.91504]},
			"faces": {
				"north": {"uv": [0, 0, 0, 8.5], "texture": "#2"},
				"east": {"uv": [14, 0, 14.24975, 8.49975], "texture": "#2"},
				"south": {"uv": [0, 0, 0, 8.5], "texture": "#2"},
				"west": {"uv": [14, 0, 14.25, 8.5], "texture": "#2"},
				"up": {"uv": [0, 0, 0.25, 0], "rotation": 270, "texture": "#2"},
				"down": {"uv": [0, 0, 0.25, 0], "rotation": 90, "texture": "#2"}
			}
		},
		{
			"from": [7.29004, -9, 13.91504],
			"to": [7.31004, 25, 14.91504],
			"rotation": {"angle": 0, "axis": "x", "origin": [7.29004, -9, 13.91504]},
			"faces": {
				"north": {"uv": [0, 0, 0, 8.5], "texture": "#2"},
				"east": {"uv": [13.49975, 0, 13.7495, 8.49975], "texture": "#2"},
				"south": {"uv": [0, 0, 0, 8.5], "texture": "#2"},
				"west": {"uv": [13.5, 0, 13.75, 8.5], "texture": "#2"},
				"up": {"uv": [0, 0, 0.25, 0], "rotation": 270, "texture": "#2"},
				"down": {"uv": [0, 0, 0.25, 0], "rotation": 90, "texture": "#2"}
			}
		},
		{
			"from": [6.34004, -5.125, 8.66504],
			"to": [8.34004, 1.875, 10.66504],
			"rotation": {"angle": 22.5, "axis": "x", "origin": [7.34004, -0.125, 9.66504]},
			"faces": {
				"north": {"uv": [7.99975, 0, 8.4995, 1.74975], "texture": "#2"},
				"east": {"uv": [7.99975, 0, 8.4995, 1.74975], "texture": "#2"},
				"south": {"uv": [7.99975, 0, 8.4995, 1.74975], "texture": "#2"},
				"west": {"uv": [7.99975, 0, 8.4995, 1.74975], "texture": "#2"},
				"up": {"uv": [0, 0, 0.5, 0.5], "rotation": 270, "texture": "#2"},
				"down": {"uv": [0, 0, 0.5, 0.5], "rotation": 90, "texture": "#2"}
			}
		},
		{
			"from": [6.34004, 14.125, 8.66504],
			"to": [8.34004, 21.125, 10.66504],
			"rotation": {"angle": -22.5, "axis": "x", "origin": [7.34004, 16.125, 9.66504]},
			"faces": {
				"north": {"uv": [7.99975, 1.74975, 8.4995, 0], "texture": "#2"},
				"east": {"uv": [7.99975, 1.74975, 8.4995, 0], "texture": "#2"},
				"south": {"uv": [7.99975, 1.74975, 8.4995, 0], "texture": "#2"},
				"west": {"uv": [7.99975, 1.74975, 8.4995, 0], "texture": "#2"},
				"up": {"uv": [0.5, 0, 0, 0.5], "rotation": 90, "texture": "#2"},
				"down": {"uv": [0.5, 0, 0, 0.5], "rotation": 270, "texture": "#2"}
			}
		},
		{
			"from": [6.34004, 3.17737, 5.11757],
			"to": [8.34004, 5.17737, 12.11757],
			"rotation": {"angle": 22.5, "axis": "x", "origin": [7.34004, 4.17737, 7.11757]},
			"faces": {
				"north": {"uv": [3.5, 7.49975, 3.9995, 7.9995], "rotation": 90, "texture": "#2"},
				"east": {"uv": [9.75, 0.24975, 10.2495, 1.9995], "rotation": 90, "texture": "#2"},
				"south": {"uv": [2.49975, 7.24975, 2.9995, 7.7495], "rotation": 90, "texture": "#2"},
				"west": {"uv": [9.75, 0.24975, 10.2495, 1.9995], "rotation": 270, "texture": "#2"},
				"up": {"uv": [9.75, 0.24975, 10.2495, 1.9995], "texture": "#2"},
				"down": {"uv": [9.75, 0.24975, 10.2495, 1.9995], "rotation": 180, "texture": "#2"}
			}
		},
		{
			"from": [7.34004, -2.82263, 0.11757],
			"to": [7.34004, 6.17737, 8.11757],
			"rotation": {"angle": 22.5, "axis": "x", "origin": [6.34004, 4.17737, 7.11757]},
			"faces": {
				"north": {"uv": [3.5, 7.49975, 3.9995, 7.9995], "rotation": 90, "texture": "#2"},
				"east": {"uv": [0, 10.25, 2.24975, 12.24975], "rotation": 90, "texture": "#2"},
				"south": {"uv": [2.49975, 7.24975, 2.9995, 7.7495], "rotation": 90, "texture": "#2"},
				"west": {"uv": [2.24975, 10.25, 0, 12.24975], "rotation": 270, "texture": "#2"},
				"up": {"uv": [9.75, 0.24975, 10.2495, 1.9995], "texture": "#2"},
				"down": {"uv": [9.75, 0.24975, 10.2495, 1.9995], "rotation": 180, "texture": "#2"}
			}
		},
		{
			"from": [7.34004, 9.82263, 0.11757],
			"to": [7.34004, 18.82263, 8.11757],
			"rotation": {"angle": -22.5, "axis": "x", "origin": [6.34004, 11.82263, 7.11757]},
			"faces": {
				"north": {"uv": [3.9995, 7.49975, 3.5, 7.9995], "rotation": 90, "texture": "#2"},
				"east": {"uv": [2.24975, 10.25, 0, 12.24975], "rotation": 90, "texture": "#2"},
				"south": {"uv": [2.9995, 7.24975, 2.49975, 7.7495], "rotation": 90, "texture": "#2"},
				"west": {"uv": [0, 10.25, 2.24975, 12.24975], "rotation": 270, "texture": "#2"},
				"up": {"uv": [9.75, 1.9995, 10.2495, 0.24975], "rotation": 180, "texture": "#2"},
				"down": {"uv": [9.75, 1.9995, 10.2495, 0.24975], "texture": "#2"}
			}
		},
		{
			"from": [6.34004, 10.82263, 5.11757],
			"to": [8.34004, 12.82263, 12.11757],
			"rotation": {"angle": -22.5, "axis": "x", "origin": [7.34004, 11.82263, 7.11757]},
			"faces": {
				"north": {"uv": [3.9995, 7.49975, 3.5, 7.9995], "rotation": 90, "texture": "#2"},
				"east": {"uv": [10.2495, 0.24975, 9.75, 1.9995], "rotation": 90, "texture": "#2"},
				"south": {"uv": [2.9995, 7.24975, 2.49975, 7.7495], "rotation": 90, "texture": "#2"},
				"west": {"uv": [10.2495, 0.24975, 9.75, 1.9995], "rotation": 270, "texture": "#2"},
				"up": {"uv": [10.2495, 0.24975, 9.75, 1.9995], "texture": "#2"},
				"down": {"uv": [10.2495, 0.24975, 9.75, 1.9995], "rotation": 180, "texture": "#2"}
			}
		},
		{
			"from": [5.75, 4, 4],
			"to": [8.75, 12, 7],
			"rotation": {"angle": 0, "axis": "y", "origin": [14.75, 19, 14]},
			"faces": {
				"north": {"uv": [11, 0, 11.74975, 1.99975], "texture": "#2"},
				"east": {"uv": [11, 0, 11.74975, 1.99975], "texture": "#2"},
				"south": {"uv": [11, 0, 11.74975, 1.99975], "texture": "#2"},
				"west": {"uv": [11, 0, 11.74975, 1.99975], "texture": "#2"},
				"up": {"uv": [12.24975, 0.24975, 12.99925, 0.99925], "texture": "#2"},
				"down": {"uv": [12.24975, 0.24975, 12.99925, 0.99925], "texture": "#2"}
			}
		},
		{
			"from": [7.25, 7, -10],
			"to": [7.27, 9, 19],
			"rotation": {"angle": -45, "axis": "z", "origin": [7.25, 8, 5]},
			"faces": {
				"north": {"uv": [8.75, 8.25, 9.25, 2.5], "rotation": 270, "texture": "#2"},
				"east": {"uv": [7.25, 8.25, 7.75, 2.5], "rotation": 270, "texture": "#2"},
				"south": {"uv": [8.75, 8.25, 9.25, 2.5], "rotation": 270, "texture": "#2"},
				"west": {"uv": [7.25, 2.5, 7.75, 8.25], "rotation": 270, "texture": "#2"},
				"up": {"uv": [8.75, 8.25, 9.25, 2.5], "rotation": 270, "texture": "#2"},
				"down": {"uv": [8.75, 8.25, 9.25, 2.5], "rotation": 270, "texture": "#2"}
			}
		},
		{
			"from": [7.25, 7, -10],
			"to": [7.27, 9, 19],
			"rotation": {"angle": 45, "axis": "z", "origin": [7.25, 8, 5]},
			"faces": {
				"north": {"uv": [8.75, 8.25, 9.25, 2.5], "rotation": 270, "texture": "#2"},
				"east": {"uv": [7.25, 8.25, 7.75, 2.5], "rotation": 270, "texture": "#2"},
				"south": {"uv": [8.75, 8.25, 9.25, 2.5], "rotation": 270, "texture": "#2"},
				"west": {"uv": [7.25, 2.5, 7.75, 8.25], "rotation": 270, "texture": "#2"},
				"up": {"uv": [8.75, 8.25, 9.25, 2.5], "rotation": 180, "texture": "#2"},
				"down": {"uv": [8.75, 8.25, 9.25, 2.5], "rotation": 270, "texture": "#2"}
			}
		},
		{
			"from": [7.25, 5, -16],
			"to": [7.27, 11, -9],
			"rotation": {"angle": 45, "axis": "z", "origin": [7.25, 8, -13]},
			"faces": {
				"north": {"uv": [9.75, 7.75, 11.25, 9.5], "rotation": 270, "texture": "#2"},
				"east": {"uv": [9.5, 5.5, 11, 7.25], "rotation": 270, "texture": "#2"},
				"south": {"uv": [9.75, 8, 11.25, 9.75], "rotation": 270, "texture": "#2"},
				"west": {"uv": [9.5, 7.25, 11, 5.5], "rotation": 270, "texture": "#2"},
				"up": {"uv": [9.5, 7.5, 11, 9.25], "rotation": 270, "texture": "#2"},
				"down": {"uv": [9.5, 7.5, 11, 9.25], "rotation": 270, "texture": "#2"}
			}
		},
		{
			"from": [4.25, 8, -16],
			"to": [10.25, 8.02, -9],
			"rotation": {"angle": 45, "axis": "z", "origin": [7.25, 8, -13]},
			"faces": {
				"north": {"uv": [9.5, 7.5, 11, 9.25], "rotation": 180, "texture": "#2"},
				"east": {"uv": [9.5, 7.5, 11, 9.25], "rotation": 180, "texture": "#2"},
				"south": {"uv": [9.5, 7.5, 11, 9.25], "rotation": 180, "texture": "#2"},
				"west": {"uv": [9.5, 7.75, 11, 9.5], "rotation": 180, "texture": "#2"},
				"up": {"uv": [11, 5.5, 9.5, 7.25], "rotation": 180, "texture": "#2"},
				"down": {"uv": [11, 7.25, 9.5, 5.5], "rotation": 180, "texture": "#2"}
			}
		}
	],
	"display": {
		"thirdperson_righthand": {
			"rotation": [8, 0, 8],
			"translation": [0.5, -1.75, 1.5],
			"scale": [0.6, 0.6, 0.6]
		},
		"thirdperson_lefthand": {
			"rotation": [8, 0, 8],
			"translation": [0.5, -1.75, 1.5],
			"scale": [0.6, 0.6, 0.6]
		},
        "firstperson_righthand": {
            "rotation": [16.75,14.75,-1.25],
            "translation": [0.75,2.5,-2.75],
            "scale": [0.3,0.3,0.3]
        },
        "firstperson_lefthand": {
            "rotation": [18.5,-27.25,-1.25],
            "translation": [3,2,-1.5],
            "scale": [0.3,0.3,0.3]
        },
		"ground": {
			"rotation": [-45, 0, 0],
			"translation": [0, 2.25, 0],
			"scale": [0.3, 0.3, 0.3]
		},
		"gui": {
			"rotation": [-90, 135, -90],
			"translation": [-1.5, 2, 0],
			"scale": [0.3, 0.3, 0.3]
		},
		"fixed": {
			"rotation": [-90, -132, -90],
			"translation": [2.25, 2.25, -1],
			"scale": [0.4, 0.4, 0.4]
		}
	},
	"groups": [
		{
			"name": "lower_1",
			"origin": [8, -13, 8],
			"children": [0, 1, 2, 3, 4, 5, 6, 7, 8, 9, 10, 11, 12, 13]
		}, 14, 15, 16, 17, 18, 19, 20, 21,
		{
			"name": "lower_1",
			"origin": [8, -13, 8],
			"children": [22, 23, 24, 25, 26, 27, 28, 29, 30, 31, 32, 33, 34, 35, 36, 37, 38, 39, 40, 41]
		}, 42, 43, 44, 45, 46, 47, 48, 49, 50,
		{
			"name": "group",
			"origin": [7.25, 8, -13],
			"children": [51, 52, 53, 54]
		}
	]
}